-- phpMyAdmin SQL Dump
-- version 5.2.0
-- https://www.phpmyadmin.net/
--
-- Hôte : 127.0.0.1:3306
-- Généré le : jeu. 18 avr. 2024 à 12:52
-- Version du serveur : 8.0.31
-- Version de PHP : 8.0.26

SET SQL_MODE = "NO_AUTO_VALUE_ON_ZERO";
START TRANSACTION;
SET time_zone = "+00:00";


/*!40101 SET @OLD_CHARACTER_SET_CLIENT=@@CHARACTER_SET_CLIENT */;
/*!40101 SET @OLD_CHARACTER_SET_RESULTS=@@CHARACTER_SET_RESULTS */;
/*!40101 SET @OLD_COLLATION_CONNECTION=@@COLLATION_CONNECTION */;
/*!40101 SET NAMES utf8mb4 */;

--
-- Base de données : `ventes_datamart`
--

-- --------------------------------------------------------

--
-- Structure de la table `clients`
--

DROP TABLE IF EXISTS `clients`;
CREATE TABLE IF NOT EXISTS `clients` (
  `idClients` varchar(5) NOT NULL,
  `NomClient` varchar(45) DEFAULT NULL,
  `Pays` varchar(45) DEFAULT NULL,
  PRIMARY KEY (`idClients`)
) ENGINE=InnoDB DEFAULT CHARSET=utf8mb4 COLLATE=utf8mb4_0900_ai_ci;

--
-- Déchargement des données de la table `clients`
--

INSERT INTO `clients` (`idClients`, `NomClient`, `Pays`) VALUES
('ALFKI', 'Alfreds Futterkiste', 'Allemagne'),
('ANATR', 'Ana Trujillo Emparedados y helados', 'Mexique'),
('ANTON', 'Antonio Moreno Taquería', 'Mexique'),
('AROUT', 'Around the Horn', 'Royaume-Uni'),
('BERGS', 'Berglunds snabbköp', 'Suède'),
('BLAUS', 'Blauer See Delikatessen', 'Allemagne'),
('BLONP', 'Blondel père et fils', 'France'),
('BOLID', 'Bólido Comidas preparadas', 'Espagne'),
('BONAP', 'Bon app', 'France'),
('BOTTM', 'Bottom-Dollar Markets', 'Canada'),
('BSBEV', 'B\'s Beverages', 'Royaume-Uni'),
('CACTU', 'Cactus Comidas para llevar', 'Argentine'),
('CENTC', 'Centro comercial Moctezuma', 'Mexique'),
('CHOPS', 'Chop-suey Chinese', 'Suisse'),
('COMMI', 'Comércio Mineiro', 'Brésil'),
('CONSH', 'Consolidated Holdings', 'Royaume-Uni'),
('DRACD', 'Drachenblut Delikatessen', 'Allemagne'),
('DUMON', 'Du monde entier', 'France'),
('EASTC', 'Eastern Connection', 'Royaume-Uni'),
('ERNSH', 'Ernst Handel', 'Autriche'),
('FAMIA', 'Familia Arquibaldo', 'Brésil'),
('FISSA', 'FISSA Fabrica Inter. Salchichas S.A.', 'Espagne'),
('FOLIG', 'Folies gourmandes', 'France'),
('FOLKO', 'Folk och fä HB', 'Suède'),
('FRANK', 'Frankenversand', 'Allemagne'),
('FRANR', 'France restauration', 'France'),
('FRANS', 'Franchi S.p.A.', 'Italie'),
('FURIB', 'Furia Bacalhau e Frutos do Mar', 'Portugal'),
('GALED', 'Galería del gastrónomo', 'Espagne'),
('GODOS', 'Godos Cocina Típica', 'Espagne'),
('GOURL', 'Gourmet Lanchonetes', 'Brésil'),
('GREAL', 'Great Lakes Food Market', 'États-Unis'),
('GROSR', 'GROSELLA-Restaurante', 'Venezuela'),
('HANAR', 'Hanari Carnes', 'Brésil'),
('HILAA', 'HILARION-Abastos', 'Venezuela'),
('HUNGC', 'Hungry Coyote Import Store', 'États-Unis'),
('HUNGO', 'Hungry Owl All-Night Grocers', 'Ireland'),
('ISLAT', 'Island Trading', 'Royaume-Uni'),
('KOENE', 'Königlich Essen', 'Allemagne'),
('LACOR', 'La corne d\'abondance', 'France'),
('LAMAI', 'La maison d\'Asie', 'France'),
('LAUGB', 'Laughing Bacchus Wine Cellars', 'Canada'),
('LAZYK', 'Lazy K Kountry Store', 'États-Unis'),
('LEHMS', 'Lehmanns Marktstand', 'Allemagne'),
('LETSS', 'Let\'s Stop N Shop', 'États-Unis'),
('LILAS', 'LILA-Supermercado', 'Venezuela'),
('LINOD', 'LINO-Delicateses', 'Venezuela'),
('LONEP', 'Lonesome Pine Restaurant', 'États-Unis'),
('MAGAA', 'Magazzini Alimentari Riuniti', 'Italie'),
('MAISD', 'Maison Dewey', 'Belgique'),
('MEREP', 'Mère Paillarde', 'Canada'),
('MORGK', 'Morgenstern Gesundkost', 'Allemagne'),
('NORTS', 'North/South', 'Royaume-Uni'),
('OCEAN', 'Océano Atlántico Ltda.', 'Argentine'),
('OLDWO', 'Old World Delicatessen', 'États-Unis'),
('OTTIK', 'Ottilies Käseladen', 'Allemagne'),
('PARIS', 'Paris spécialités', 'France'),
('PERIC', 'Pericles Comidas clásicas', 'Mexique'),
('PICCO', 'Piccolo und mehr', 'Autriche'),
('PRINI', 'Princesa Isabel Vinhos', 'Portugal'),
('QUEDE', 'Que Delícia', 'Brésil'),
('QUEEN', 'Queen Cozinha', 'Brésil'),
('QUICK', 'QUICK-Stop', 'Allemagne'),
('RANCH', 'Rancho grande', 'Argentine'),
('RATTC', 'Rattlesnake Canyon Grocery', 'États-Unis'),
('REGGC', 'Reggiani Caseifici', 'Italie'),
('RICAR', 'Ricardo Adocicados', 'Brésil'),
('RICSU', 'Richter Supermarkt', 'Suisse'),
('ROMEY', 'Romero y tomillo', 'Espagne'),
('SANTG', 'Santé Gourmet', 'Norvège'),
('SAVEA', 'Save-a-lot Markets', 'États-Unis'),
('SEVES', 'Seven Seas Imports', 'Royaume-Uni'),
('SIMOB', 'Simons bistro', 'Danemark'),
('SPECD', 'Spécialités du monde', 'France'),
('SPLIR', 'Split Rail Beer and Ale', 'États-Unis'),
('SUPRD', 'Suprêmes délices', 'Belgique'),
('THEBI', 'The Big Cheese', 'États-Unis'),
('THECR', 'The Cracker Box', 'États-Unis'),
('TOMSP', 'Toms Spezialitäten', 'Allemagne'),
('TORTU', 'Tortuga Restaurante', 'Mexique'),
('TRADH', 'Tradição Hipermercados', 'Brésil'),
('TRAIH', 'Trail\'s Head Gourmet Provisioners', 'États-Unis'),
('VAFFE', 'Vaffeljernet', 'Danemark'),
('VICTE', 'Victuailles en stock', 'France'),
('VINET', 'Vins et alcools Chevalier', 'France'),
('WANDK', 'Die Wandernde Kuh', 'Allemagne'),
('WARTH', 'Wartian Herkku', 'Finlande'),
('WELLI', 'Wellington Importadora', 'Brésil'),
('WHITC', 'White Clover Markets', 'États-Unis'),
('WILMK', 'Wilman Kala', 'Finlande'),
('WOLZA', 'Wolski  Zajazd', 'Pologne');

-- --------------------------------------------------------

--
-- Structure de la table `produits`
--

DROP TABLE IF EXISTS `produits`;
CREATE TABLE IF NOT EXISTS `produits` (
  `idProduits` int NOT NULL,
  `NomProd` varchar(45) DEFAULT NULL,
  `CatProd` varchar(45) DEFAULT NULL,
  PRIMARY KEY (`idProduits`)
) ENGINE=InnoDB DEFAULT CHARSET=utf8mb4 COLLATE=utf8mb4_0900_ai_ci;

--
-- Déchargement des données de la table `produits`
--

INSERT INTO `produits` (`idProduits`, `NomProd`, `CatProd`) VALUES
(1, 'Chai', 'Boissons'),
(2, 'Chang', 'Boissons'),
(3, 'Aniseed Syrup', 'Condiments'),
(4, 'Chef Anton\'s Cajun Seasoning', 'Condiments'),
(5, 'Chef Anton\'s Gumbo Mix', 'Condiments'),
(6, 'Grandma\'s Boysenberry Spread', 'Condiments'),
(7, 'Uncle Bob\'s Organic Dried Pears', 'Produits secs'),
(8, 'Northwoods Cranberry Sauce', 'Condiments'),
(9, 'Mishi Kobe Niku', 'Viandes'),
(10, 'Ikura', 'Poissons et fruits de mer'),
(11, 'Queso Cabrales', 'Produits laitiers'),
(12, 'Queso Manchego La Pastora', 'Produits laitiers'),
(13, 'Konbu', 'Poissons et fruits de mer'),
(14, 'Tofu', 'Produits secs'),
(15, 'Genen Shouyu', 'Condiments'),
(16, 'Pavlova', 'Desserts'),
(17, 'Alice Mutton', 'Viandes'),
(18, 'Carnarvon Tigers', 'Poissons et fruits de mer'),
(19, 'Teatime Chocolate Biscuits', 'Desserts'),
(20, 'Sir Rodney\'s Marmalade', 'Desserts'),
(21, 'Sir Rodney\'s Scones', 'Desserts'),
(22, 'Gustaf\'s Knäckebröd', 'Pâtes et céréales'),
(23, 'Tunnbröd', 'Pâtes et céréales'),
(24, 'Guaraná Fantástica', 'Boissons'),
(25, 'NuNuCa Nuß-Nougat-Creme', 'Desserts'),
(26, 'Gumbär Gummibärchen', 'Desserts'),
(27, 'Schoggi Schokolade', 'Desserts'),
(28, 'Rössle Sauerkraut', 'Produits secs'),
(29, 'Thüringer Rostbratwurst', 'Viandes'),
(30, 'Nord-Ost Matjeshering', 'Poissons et fruits de mer'),
(31, 'Gorgonzola Telino', 'Produits laitiers'),
(32, 'Mascarpone Fabioli', 'Produits laitiers'),
(33, 'Geitost', 'Produits laitiers'),
(34, 'Sasquatch Ale', 'Boissons'),
(35, 'Steeleye Stout', 'Boissons'),
(36, 'Inlagd Sill', 'Poissons et fruits de mer'),
(37, 'Gravad lax', 'Poissons et fruits de mer'),
(38, 'Côte de Blaye', 'Boissons'),
(39, 'Chartreuse verte', 'Boissons'),
(40, 'Boston Crab Meat', 'Poissons et fruits de mer'),
(41, 'Jack\'s New England Clam Chowder', 'Poissons et fruits de mer'),
(42, 'Singaporean Hokkien Fried Mee', 'Pâtes et céréales'),
(43, 'Ipoh Coffee', 'Boissons'),
(44, 'Gula Malacca', 'Condiments'),
(45, 'Røgede sild', 'Poissons et fruits de mer'),
(46, 'Spegesild', 'Poissons et fruits de mer'),
(47, 'Zaanse koeken', 'Desserts'),
(48, 'Chocolade', 'Desserts'),
(49, 'Maxilaku', 'Desserts'),
(50, 'Valkoinen suklaa', 'Desserts'),
(51, 'Manjimup Dried Apples', 'Produits secs'),
(52, 'Filo Mix', 'Pâtes et céréales'),
(53, 'Perth Pasties', 'Viandes'),
(54, 'Tourtière', 'Viandes'),
(55, 'Pâté chinois', 'Viandes'),
(56, 'Gnocchi di nonna Alice', 'Pâtes et céréales'),
(57, 'Ravioli Angelo', 'Pâtes et céréales'),
(58, 'Escargots de Bourgogne', 'Poissons et fruits de mer'),
(59, 'Raclette Courdavault', 'Produits laitiers'),
(60, 'Camembert Pierrot', 'Produits laitiers'),
(61, 'Sirop d\'érable', 'Condiments'),
(62, 'Tarte au sucre', 'Desserts'),
(63, 'Vegie-spread', 'Condiments'),
(64, 'Wimmers gute Semmelknödel', 'Pâtes et céréales'),
(65, 'Louisiana Fiery Hot Pepper Sauce', 'Condiments'),
(66, 'Louisiana Hot Spiced Okra', 'Condiments'),
(67, 'Laughing Lumberjack Lager', 'Boissons'),
(68, 'Scottish Longbreads', 'Desserts'),
(69, 'Gudbrandsdalsost', 'Produits laitiers'),
(70, 'Outback Lager', 'Boissons'),
(71, 'Fløtemysost', 'Produits laitiers'),
(72, 'Mozzarella di Giovanni', 'Produits laitiers'),
(73, 'Röd Kaviar', 'Poissons et fruits de mer'),
(74, 'Longlife Tofu', 'Produits secs'),
(75, 'Rhönbräu Klosterbier', 'Boissons'),
(76, 'Lakkalikööri', 'Boissons'),
(77, 'Original Frankfurter grüne Soße', 'Condiments');

-- --------------------------------------------------------

--
-- Structure de la table `temps`
--

DROP TABLE IF EXISTS `temps`;
CREATE TABLE IF NOT EXISTS `temps` (
  `jours` datetime NOT NULL,
  `Mois` int DEFAULT NULL,
  PRIMARY KEY (`jours`)
) ENGINE=InnoDB DEFAULT CHARSET=utf8mb4 COLLATE=utf8mb4_0900_ai_ci;

--
-- Déchargement des données de la table `temps`
--

INSERT INTO `temps` (`jours`, `Mois`) VALUES
('2000-01-01 00:00:00', 1),
('2000-01-02 00:00:00', 1),
('2000-01-03 00:00:00', 1),
('2000-01-04 00:00:00', 1),
('2000-01-05 00:00:00', 1),
('2000-01-06 00:00:00', 1),
('2000-01-08 00:00:00', 1),
('2000-01-09 00:00:00', 1),
('2000-01-10 00:00:00', 1),
('2000-01-11 00:00:00', 1),
('2000-01-12 00:00:00', 1),
('2000-01-13 00:00:00', 1),
('2000-01-15 00:00:00', 1),
('2000-01-16 00:00:00', 1),
('2000-01-17 00:00:00', 1),
('2000-01-18 00:00:00', 1),
('2000-01-19 00:00:00', 1),
('2000-01-20 00:00:00', 1),
('2000-01-22 00:00:00', 1),
('2000-01-23 00:00:00', 1),
('2000-01-24 00:00:00', 1),
('2000-01-25 00:00:00', 1),
('2000-01-26 00:00:00', 1),
('2000-01-27 00:00:00', 1),
('2000-01-29 00:00:00', 1),
('2000-01-30 00:00:00', 1),
('2000-01-31 00:00:00', 1),
('2000-02-01 00:00:00', 2),
('2000-02-02 00:00:00', 2),
('2000-02-03 00:00:00', 2),
('2000-02-05 00:00:00', 2),
('2000-02-06 00:00:00', 2),
('2000-02-07 00:00:00', 2),
('2000-02-08 00:00:00', 2),
('2000-02-09 00:00:00', 2),
('2000-02-10 00:00:00', 2),
('2000-02-12 00:00:00', 2),
('2000-02-13 00:00:00', 2),
('2000-02-14 00:00:00', 2),
('2000-02-15 00:00:00', 2),
('2000-02-16 00:00:00', 2),
('2000-02-17 00:00:00', 2),
('2000-02-19 00:00:00', 2),
('2000-02-20 00:00:00', 2),
('2000-02-21 00:00:00', 2),
('2000-02-22 00:00:00', 2),
('2000-02-23 00:00:00', 2),
('2000-02-24 00:00:00', 2),
('2000-02-26 00:00:00', 2),
('2000-02-27 00:00:00', 2),
('2000-02-28 00:00:00', 2),
('2000-02-29 00:00:00', 2),
('2000-03-01 00:00:00', 3),
('2000-03-02 00:00:00', 3),
('2000-03-03 00:00:00', 3),
('2000-03-04 00:00:00', 3),
('2000-03-05 00:00:00', 3),
('2000-03-06 00:00:00', 3),
('2000-03-07 00:00:00', 3),
('2000-03-08 00:00:00', 3),
('2000-03-09 00:00:00', 3),
('2000-03-10 00:00:00', 3),
('2000-03-11 00:00:00', 3),
('2000-03-12 00:00:00', 3),
('2000-03-13 00:00:00', 3),
('2000-03-14 00:00:00', 3),
('2000-03-15 00:00:00', 3),
('2000-03-16 00:00:00', 3),
('2000-03-17 00:00:00', 3),
('2000-03-18 00:00:00', 3),
('2000-03-19 00:00:00', 3),
('2000-03-20 00:00:00', 3),
('2000-03-21 00:00:00', 3),
('2000-03-22 00:00:00', 3),
('2000-03-23 00:00:00', 3),
('2000-03-24 00:00:00', 3),
('2000-03-25 00:00:00', 3),
('2000-03-26 00:00:00', 3),
('2000-03-27 00:00:00', 3),
('2000-03-28 00:00:00', 3),
('2000-03-29 00:00:00', 3),
('2000-03-30 00:00:00', 3),
('2000-03-31 00:00:00', 3),
('2000-04-01 00:00:00', 4),
('2000-04-02 00:00:00', 4),
('2000-04-03 00:00:00', 4),
('2000-04-04 00:00:00', 4),
('2000-04-05 00:00:00', 4),
('2000-04-06 00:00:00', 4),
('2000-04-07 00:00:00', 4),
('2000-04-08 00:00:00', 4),
('2000-04-09 00:00:00', 4),
('2000-04-10 00:00:00', 4),
('2000-04-11 00:00:00', 4),
('2000-04-12 00:00:00', 4),
('2000-04-13 00:00:00', 4),
('2000-04-14 00:00:00', 4),
('2000-04-15 00:00:00', 4),
('2000-04-16 00:00:00', 4),
('2000-04-17 00:00:00', 4),
('2000-04-18 00:00:00', 4),
('2000-04-19 00:00:00', 4),
('2000-04-20 00:00:00', 4),
('2000-04-21 00:00:00', 4),
('2000-04-22 00:00:00', 4),
('2000-04-23 00:00:00', 4),
('2000-04-24 00:00:00', 4),
('2000-04-25 00:00:00', 4),
('2000-04-26 00:00:00', 4),
('2000-04-27 00:00:00', 4),
('2000-04-28 00:00:00', 4),
('2000-04-29 00:00:00', 4),
('2000-04-30 00:00:00', 4),
('2000-05-01 00:00:00', 5),
('2000-05-02 00:00:00', 5),
('2000-05-03 00:00:00', 5),
('2000-05-04 00:00:00', 5),
('2000-05-05 00:00:00', 5),
('2000-05-06 00:00:00', 5),
('2000-05-07 00:00:00', 5),
('2000-05-08 00:00:00', 5),
('2000-05-09 00:00:00', 5),
('2000-05-10 00:00:00', 5),
('2000-05-11 00:00:00', 5),
('2000-05-12 00:00:00', 5),
('2000-05-13 00:00:00', 5),
('2000-05-14 00:00:00', 5),
('2000-05-15 00:00:00', 5),
('2000-05-16 00:00:00', 5),
('2000-05-17 00:00:00', 5),
('2000-05-18 00:00:00', 5),
('2000-05-19 00:00:00', 5),
('2000-05-20 00:00:00', 5),
('2000-05-21 00:00:00', 5),
('2000-05-22 00:00:00', 5),
('2000-05-23 00:00:00', 5),
('2000-05-24 00:00:00', 5),
('2000-05-25 00:00:00', 5),
('2000-05-26 00:00:00', 5),
('2000-05-27 00:00:00', 5),
('2000-05-28 00:00:00', 5),
('2000-05-29 00:00:00', 5),
('2000-05-30 00:00:00', 5),
('2000-05-31 00:00:00', 5),
('2000-06-01 00:00:00', 6),
('2000-06-02 00:00:00', 6),
('2000-06-03 00:00:00', 6),
('2000-06-04 00:00:00', 6),
('2000-06-05 00:00:00', 6),
('2000-06-06 00:00:00', 6),
('2000-06-07 00:00:00', 6),
('2000-06-08 00:00:00', 6),
('2000-06-09 00:00:00', 6),
('2000-06-12 00:00:00', 6),
('2000-06-13 00:00:00', 6),
('2000-06-14 00:00:00', 6),
('2000-06-15 00:00:00', 6),
('2000-06-16 00:00:00', 6),
('2000-06-19 00:00:00', 6),
('2000-06-20 00:00:00', 6),
('2000-06-21 00:00:00', 6),
('2000-06-22 00:00:00', 6),
('2000-06-23 00:00:00', 6),
('2000-06-26 00:00:00', 6),
('2000-06-27 00:00:00', 6),
('2000-06-28 00:00:00', 6),
('2000-06-29 00:00:00', 6),
('2000-06-30 00:00:00', 6),
('2000-07-03 00:00:00', 7),
('2000-07-04 00:00:00', 7),
('2000-07-05 00:00:00', 7),
('2000-07-06 00:00:00', 7),
('2000-07-07 00:00:00', 7),
('2000-07-10 00:00:00', 7),
('2000-07-11 00:00:00', 7),
('2000-07-12 00:00:00', 7),
('2000-07-13 00:00:00', 7),
('2000-07-14 00:00:00', 7),
('2000-07-17 00:00:00', 7),
('2000-07-18 00:00:00', 7),
('2000-07-19 00:00:00', 7),
('2000-07-20 00:00:00', 7),
('2000-07-21 00:00:00', 7),
('2000-07-24 00:00:00', 7),
('2000-07-25 00:00:00', 7),
('2000-07-26 00:00:00', 7),
('2000-07-27 00:00:00', 7),
('2000-07-28 00:00:00', 7),
('2000-07-31 00:00:00', 7),
('2000-08-01 00:00:00', 8),
('2000-08-02 00:00:00', 8),
('2000-08-03 00:00:00', 8),
('2000-08-04 00:00:00', 8),
('2000-08-07 00:00:00', 8),
('2000-08-08 00:00:00', 8),
('2000-08-09 00:00:00', 8),
('2000-08-10 00:00:00', 8),
('2000-08-11 00:00:00', 8),
('2000-08-12 00:00:00', 8),
('2000-08-14 00:00:00', 8),
('2000-08-15 00:00:00', 8),
('2000-08-16 00:00:00', 8),
('2000-08-17 00:00:00', 8),
('2000-08-18 00:00:00', 8),
('2000-08-19 00:00:00', 8),
('2000-08-21 00:00:00', 8),
('2000-08-22 00:00:00', 8),
('2000-08-23 00:00:00', 8),
('2000-08-24 00:00:00', 8),
('2000-08-25 00:00:00', 8),
('2000-08-26 00:00:00', 8),
('2000-08-28 00:00:00', 8),
('2000-08-29 00:00:00', 8),
('2000-08-30 00:00:00', 8),
('2000-08-31 00:00:00', 8),
('2000-09-01 00:00:00', 9),
('2000-09-02 00:00:00', 9),
('2000-09-04 00:00:00', 9),
('2000-09-05 00:00:00', 9),
('2000-09-06 00:00:00', 9),
('2000-09-07 00:00:00', 9),
('2000-09-08 00:00:00', 9),
('2000-09-09 00:00:00', 9),
('2000-09-11 00:00:00', 9),
('2000-09-12 00:00:00', 9),
('2000-09-13 00:00:00', 9),
('2000-09-14 00:00:00', 9),
('2000-09-15 00:00:00', 9),
('2000-09-16 00:00:00', 9),
('2000-09-18 00:00:00', 9),
('2000-09-19 00:00:00', 9),
('2000-09-20 00:00:00', 9),
('2000-09-21 00:00:00', 9),
('2000-09-22 00:00:00', 9),
('2000-09-23 00:00:00', 9),
('2000-09-25 00:00:00', 9),
('2000-09-26 00:00:00', 9),
('2000-09-27 00:00:00', 9),
('2000-09-28 00:00:00', 9),
('2000-09-29 00:00:00', 9),
('2000-09-30 00:00:00', 9),
('2000-10-02 00:00:00', 10),
('2000-10-03 00:00:00', 10),
('2000-10-04 00:00:00', 10),
('2000-10-05 00:00:00', 10),
('2000-10-06 00:00:00', 10),
('2000-10-07 00:00:00', 10),
('2000-10-09 00:00:00', 10),
('2000-10-10 00:00:00', 10),
('2000-10-11 00:00:00', 10),
('2000-10-12 00:00:00', 10),
('2000-10-13 00:00:00', 10),
('2000-10-14 00:00:00', 10),
('2000-10-16 00:00:00', 10),
('2000-10-17 00:00:00', 10),
('2000-10-18 00:00:00', 10),
('2000-10-19 00:00:00', 10),
('2000-10-20 00:00:00', 10),
('2000-10-21 00:00:00', 10),
('2000-10-23 00:00:00', 10),
('2000-10-24 00:00:00', 10),
('2000-10-25 00:00:00', 10),
('2000-10-26 00:00:00', 10),
('2000-10-27 00:00:00', 10),
('2000-10-28 00:00:00', 10),
('2000-10-30 00:00:00', 10),
('2000-10-31 00:00:00', 10),
('2000-11-01 00:00:00', 11),
('2000-11-02 00:00:00', 11),
('2000-11-03 00:00:00', 11),
('2000-11-04 00:00:00', 11),
('2000-11-06 00:00:00', 11),
('2000-11-07 00:00:00', 11),
('2000-11-08 00:00:00', 11),
('2000-11-09 00:00:00', 11),
('2000-11-10 00:00:00', 11),
('2000-11-11 00:00:00', 11),
('2000-11-13 00:00:00', 11),
('2000-11-14 00:00:00', 11),
('2000-11-15 00:00:00', 11),
('2000-11-16 00:00:00', 11),
('2000-11-17 00:00:00', 11),
('2000-11-18 00:00:00', 11),
('2000-11-20 00:00:00', 11),
('2000-11-21 00:00:00', 11),
('2000-11-22 00:00:00', 11),
('2000-11-23 00:00:00', 11),
('2000-11-24 00:00:00', 11),
('2000-11-25 00:00:00', 11),
('2000-11-27 00:00:00', 11),
('2000-11-28 00:00:00', 11),
('2000-11-29 00:00:00', 11),
('2000-11-30 00:00:00', 11),
('2000-12-01 00:00:00', 12),
('2000-12-02 00:00:00', 12),
('2000-12-04 00:00:00', 12),
('2000-12-05 00:00:00', 12),
('2000-12-06 00:00:00', 12),
('2000-12-07 00:00:00', 12),
('2000-12-08 00:00:00', 12),
('2000-12-09 00:00:00', 12),
('2000-12-11 00:00:00', 12),
('2000-12-12 00:00:00', 12),
('2000-12-13 00:00:00', 12),
('2000-12-14 00:00:00', 12),
('2000-12-15 00:00:00', 12),
('2000-12-16 00:00:00', 12),
('2000-12-18 00:00:00', 12),
('2000-12-19 00:00:00', 12),
('2000-12-20 00:00:00', 12),
('2000-12-21 00:00:00', 12),
('2000-12-22 00:00:00', 12),
('2000-12-23 00:00:00', 12),
('2000-12-25 00:00:00', 12),
('2000-12-26 00:00:00', 12),
('2000-12-27 00:00:00', 12),
('2000-12-28 00:00:00', 12),
('2000-12-29 00:00:00', 12),
('2000-12-30 00:00:00', 12);

-- --------------------------------------------------------

--
-- Structure de la table `ventes`
--

DROP TABLE IF EXISTS `ventes`;
CREATE TABLE IF NOT EXISTS `ventes` (
  `QuantiteVentes` int NOT NULL,
  `MontantVentes` double NOT NULL,
  `Temps_jours` datetime NOT NULL,
  `Produits_idProduits` int NOT NULL,
  `Clients_idClients` varchar(5) NOT NULL,
  PRIMARY KEY (`Temps_jours`,`Produits_idProduits`,`Clients_idClients`),
  KEY `fk_Ventes_Produits1` (`Produits_idProduits`),
  KEY `fk_Ventes_Clients1` (`Clients_idClients`)
) ENGINE=InnoDB DEFAULT CHARSET=utf8mb4 COLLATE=utf8mb4_0900_ai_ci;

--
-- Déchargement des données de la table `ventes`
--

INSERT INTO `ventes` (`QuantiteVentes`, `MontantVentes`, `Temps_jours`, `Produits_idProduits`, `Clients_idClients`) VALUES
(10, 1600, '2000-01-01 00:00:00', 32, 'ANATR'),
(5, 250, '2000-01-02 00:00:00', 21, 'ERNSH'),
(12, 840, '2000-01-02 00:00:00', 25, 'MAISD'),
(35, 2450, '2000-01-02 00:00:00', 25, 'RATTC'),
(40, 8800, '2000-01-02 00:00:00', 27, 'MAISD'),
(13, 2964, '2000-01-02 00:00:00', 28, 'ERNSH'),
(30, 6900, '2000-01-02 00:00:00', 43, 'MAISD'),
(25, 2450, '2000-01-02 00:00:00', 57, 'ERNSH'),
(35, 5810, '2000-01-02 00:00:00', 64, 'ERNSH'),
(18, 702, '2000-01-02 00:00:00', 75, 'RATTC'),
(15, 1350, '2000-01-03 00:00:00', 1, 'CHOPS'),
(40, 2000, '2000-01-03 00:00:00', 21, 'FOLIG'),
(6, 630, '2000-01-03 00:00:00', 22, 'FOLIG'),
(20, 460, '2000-01-03 00:00:00', 24, 'FOLIG'),
(20, 12380, '2000-01-03 00:00:00', 29, 'SPLIR'),
(16, 1440, '2000-01-03 00:00:00', 39, 'FOLKO'),
(30, 1440, '2000-01-03 00:00:00', 47, 'FOLKO'),
(28, 7420, '2000-01-03 00:00:00', 51, 'FOLKO'),
(60, 11400, '2000-01-03 00:00:00', 56, 'FOLKO'),
(18, 3420, '2000-01-03 00:00:00', 56, 'SPLIR'),
(30, 4980, '2000-01-03 00:00:00', 64, 'CHOPS'),
(20, 1000, '2000-01-03 00:00:00', 74, 'CHOPS'),
(20, 1000, '2000-01-04 00:00:00', 3, 'ERNSH'),
(6, 570, '2000-01-04 00:00:00', 36, 'LAMAI'),
(130, 11700, '2000-01-04 00:00:00', 39, 'ERNSH'),
(40, 3800, '2000-01-05 00:00:00', 2, 'OTTIK'),
(35, 5250, '2000-01-05 00:00:00', 7, 'OTTIK'),
(12, 4860, '2000-01-05 00:00:00', 20, 'QUEEN'),
(40, 52720, '2000-01-05 00:00:00', 38, 'QUEEN'),
(80, 5280, '2000-01-05 00:00:00', 58, 'HUNGO'),
(70, 11900, '2000-01-05 00:00:00', 60, 'QUEEN'),
(80, 8400, '2000-01-05 00:00:00', 65, 'QUICK'),
(40, 2520, '2000-01-05 00:00:00', 68, 'OTTIK'),
(50, 5400, '2000-01-05 00:00:00', 71, 'HUNGO'),
(42, 7308, '2000-01-05 00:00:00', 72, 'QUEEN'),
(30, 1890, '2000-01-06 00:00:00', 31, 'WOLZA'),
(15, 990, '2000-01-06 00:00:00', 58, 'WOLZA'),
(4, 420, '2000-01-08 00:00:00', 22, 'AROUT'),
(50, 3150, '2000-01-08 00:00:00', 31, 'AROUT'),
(2, 140, '2000-01-08 00:00:00', 42, 'SUPRD'),
(15, 2550, '2000-01-08 00:00:00', 60, 'AROUT'),
(12, 1296, '2000-01-08 00:00:00', 71, 'AROUT'),
(15, 1740, '2000-01-09 00:00:00', 14, 'HUNGC'),
(42, 2646, '2000-01-09 00:00:00', 31, 'MEREP'),
(30, 1440, '2000-01-09 00:00:00', 41, 'VAFFE'),
(15, 525, '2000-01-09 00:00:00', 52, 'VAFFE'),
(10, 370, '2000-01-09 00:00:00', 54, 'HUNGC'),
(20, 2860, '2000-01-09 00:00:00', 61, 'VAFFE'),
(15, 3705, '2000-01-09 00:00:00', 62, 'VAFFE'),
(15, 1575, '2000-01-10 00:00:00', 11, 'HANAR'),
(44, 10032, '2000-01-10 00:00:00', 28, 'SEVES'),
(20, 1800, '2000-01-10 00:00:00', 39, 'SEVES'),
(16, 1728, '2000-01-10 00:00:00', 71, 'ERNSH'),
(68, 13260, '2000-01-11 00:00:00', 17, 'ERNSH'),
(18, 11142, '2000-01-11 00:00:00', 29, 'LEHMS'),
(25, 6875, '2000-01-11 00:00:00', 59, 'LEHMS'),
(6, 648, '2000-01-11 00:00:00', 71, 'FOLKO'),
(7, 273, '2000-01-11 00:00:00', 75, 'ERNSH'),
(18, 2322, '2000-01-12 00:00:00', 30, 'HUNGO'),
(2, 126, '2000-01-12 00:00:00', 31, 'FOLKO'),
(8, 384, '2000-01-12 00:00:00', 41, 'QUEDE'),
(20, 3280, '2000-01-12 00:00:00', 53, 'HUNGO'),
(6, 1020, '2000-01-12 00:00:00', 60, 'HUNGO'),
(16, 3520, '2000-01-12 00:00:00', 63, 'QUEDE'),
(20, 2100, '2000-01-12 00:00:00', 65, 'QUEDE'),
(50, 4250, '2000-01-12 00:00:00', 66, 'FOLKO'),
(30, 2250, '2000-01-12 00:00:00', 70, 'HUNGO'),
(14, 700, '2000-01-13 00:00:00', 74, 'LILAS'),
(6, 930, '2000-01-15 00:00:00', 10, 'THECR'),
(12, 840, '2000-01-15 00:00:00', 42, 'ERNSH'),
(27, 1296, '2000-01-15 00:00:00', 45, 'ERNSH'),
(120, 31800, '2000-01-15 00:00:00', 51, 'ERNSH'),
(3, 210, '2000-01-15 00:00:00', 67, 'THECR'),
(32, 3424, '2000-01-16 00:00:00', 5, 'ERNSH'),
(20, 600, '2000-01-16 00:00:00', 13, 'AROUT'),
(20, 1740, '2000-01-16 00:00:00', 16, 'MORGK'),
(9, 2817, '2000-01-16 00:00:00', 18, 'ERNSH'),
(14, 8666, '2000-01-16 00:00:00', 29, 'ERNSH'),
(60, 780, '2000-01-16 00:00:00', 33, 'ERNSH'),
(10, 480, '2000-01-16 00:00:00', 41, 'BERGS'),
(20, 1400, '2000-01-16 00:00:00', 42, 'GOURL'),
(15, 1215, '2000-01-16 00:00:00', 50, 'AROUT'),
(20, 3800, '2000-01-16 00:00:00', 56, 'AROUT'),
(20, 4940, '2000-01-16 00:00:00', 62, 'MORGK'),
(50, 2500, '2000-01-16 00:00:00', 74, 'ERNSH'),
(28, 11340, '2000-01-17 00:00:00', 20, 'BERGS'),
(3, 111, '2000-01-17 00:00:00', 54, 'WARTH'),
(20, 3800, '2000-01-17 00:00:00', 56, 'WARTH'),
(15, 2550, '2000-01-17 00:00:00', 60, 'BERGS'),
(35, 2625, '2000-01-17 00:00:00', 70, 'LILAS'),
(35, 1750, '2000-01-17 00:00:00', 74, 'WARTH'),
(15, 975, '2000-01-17 00:00:00', 77, 'LILAS'),
(10, 1500, '2000-01-18 00:00:00', 7, 'SPLIR'),
(15, 345, '2000-01-18 00:00:00', 24, 'FAMIA'),
(1, 63, '2000-01-18 00:00:00', 31, 'CACTU'),
(10, 630, '2000-01-18 00:00:00', 31, 'HANAR'),
(10, 700, '2000-01-18 00:00:00', 34, 'FAMIA'),
(30, 2850, '2000-01-18 00:00:00', 36, 'MAGAA'),
(5, 6590, '2000-01-18 00:00:00', 38, 'HANAR'),
(2, 180, '2000-01-18 00:00:00', 39, 'MAGAA'),
(20, 3400, '2000-01-18 00:00:00', 60, 'SPLIR'),
(8, 504, '2000-01-18 00:00:00', 68, 'SPLIR'),
(30, 5220, '2000-01-18 00:00:00', 72, 'MAGAA'),
(30, 6000, '2000-01-19 00:00:00', 8, 'QUEEN'),
(10, 1550, '2000-01-19 00:00:00', 10, 'GROSR'),
(15, 345, '2000-01-19 00:00:00', 24, 'SANTG'),
(6, 1368, '2000-01-19 00:00:00', 28, 'SANTG'),
(15, 1935, '2000-01-19 00:00:00', 30, 'QUEEN'),
(12, 3300, '2000-01-19 00:00:00', 59, 'SANTG'),
(15, 1620, '2000-01-19 00:00:00', 71, 'SANTG'),
(10, 390, '2000-01-19 00:00:00', 75, 'GROSR'),
(42, 1638, '2000-01-19 00:00:00', 75, 'QUEEN'),
(15, 720, '2000-01-20 00:00:00', 45, 'SEVES'),
(20, 700, '2000-01-20 00:00:00', 52, 'SEVES'),
(40, 6560, '2000-01-20 00:00:00', 53, 'SEVES'),
(15, 1425, '2000-01-22 00:00:00', 2, 'LAMAI'),
(30, 9390, '2000-01-22 00:00:00', 18, 'FOLIG'),
(50, 2300, '2000-01-22 00:00:00', 19, 'QUICK'),
(20, 12380, '2000-01-22 00:00:00', 29, 'LAMAI'),
(15, 1350, '2000-01-22 00:00:00', 35, 'FOLIG'),
(30, 6600, '2000-01-22 00:00:00', 63, 'FOLIG'),
(18, 1134, '2000-01-22 00:00:00', 68, 'FOLIG'),
(40, 1560, '2000-01-22 00:00:00', 75, 'QUICK'),
(3, 450, '2000-01-23 00:00:00', 7, 'GOURL'),
(16, 2480, '2000-01-23 00:00:00', 10, 'BOTTM'),
(14, 8666, '2000-01-23 00:00:00', 29, 'FRANK'),
(146, 9198, '2000-01-23 00:00:00', 31, 'ERNSH'),
(40, 3600, '2000-01-23 00:00:00', 35, 'ERNSH'),
(20, 960, '2000-01-23 00:00:00', 41, 'FRANK'),
(45, 2700, '2000-01-23 00:00:00', 46, 'ERNSH'),
(15, 1800, '2000-01-23 00:00:00', 55, 'BOTTM'),
(20, 3800, '2000-01-23 00:00:00', 56, 'GOURL'),
(20, 4940, '2000-01-23 00:00:00', 62, 'BOTTM'),
(30, 2250, '2000-01-23 00:00:00', 70, 'BOTTM'),
(24, 4176, '2000-01-23 00:00:00', 72, 'ERNSH'),
(10, 950, '2000-01-24 00:00:00', 2, 'WOLZA'),
(18, 540, '2000-01-24 00:00:00', 13, 'DRACD'),
(15, 1740, '2000-01-24 00:00:00', 14, 'QUEDE'),
(14, 672, '2000-01-24 00:00:00', 41, 'AROUT'),
(8, 280, '2000-01-24 00:00:00', 52, 'AROUT'),
(6, 222, '2000-01-24 00:00:00', 54, 'QUEDE'),
(3, 111, '2000-01-24 00:00:00', 54, 'WOLZA'),
(15, 945, '2000-01-24 00:00:00', 68, 'WOLZA'),
(25, 2375, '2000-01-25 00:00:00', 2, 'SAVEA'),
(42, 4872, '2000-01-25 00:00:00', 14, 'SAVEA'),
(65, 5655, '2000-01-25 00:00:00', 16, 'ERNSH'),
(7, 490, '2000-01-25 00:00:00', 25, 'SAVEA'),
(21, 3276, '2000-01-25 00:00:00', 26, 'HILAA'),
(70, 10920, '2000-01-25 00:00:00', 26, 'SAVEA'),
(32, 2016, '2000-01-25 00:00:00', 31, 'SAVEA'),
(10, 970, '2000-01-25 00:00:00', 44, 'HILAA'),
(35, 5810, '2000-01-25 00:00:00', 64, 'HILAA'),
(50, 9000, '2000-01-25 00:00:00', 69, 'PICCO'),
(20, 2100, '2000-01-26 00:00:00', 11, 'DRACD'),
(10, 300, '2000-01-26 00:00:00', 13, 'HUNGC'),
(20, 600, '2000-01-26 00:00:00', 13, 'KOENE'),
(20, 460, '2000-01-26 00:00:00', 24, 'KOENE'),
(25, 6875, '2000-01-26 00:00:00', 59, 'KOENE'),
(10, 2470, '2000-01-26 00:00:00', 62, 'HUNGC'),
(2, 494, '2000-01-26 00:00:00', 62, 'ISLAT'),
(10, 1740, '2000-01-26 00:00:00', 72, 'ISLAT'),
(40, 1800, '2000-01-27 00:00:00', 23, 'FRANK'),
(28, 1680, '2000-01-27 00:00:00', 46, 'HILAA'),
(70, 11480, '2000-01-27 00:00:00', 53, 'HILAA'),
(32, 5760, '2000-01-27 00:00:00', 69, 'HILAA'),
(60, 6480, '2000-01-27 00:00:00', 71, 'FRANK'),
(21, 3654, '2000-01-27 00:00:00', 72, 'FRANK'),
(50, 5250, '2000-01-29 00:00:00', 11, 'SEVES'),
(40, 7800, '2000-01-29 00:00:00', 17, 'BOLID'),
(20, 12380, '2000-01-29 00:00:00', 29, 'BOLID'),
(10, 2650, '2000-01-29 00:00:00', 51, 'SEVES'),
(7, 259, '2000-01-29 00:00:00', 54, 'SEVES'),
(36, 5580, '2000-01-30 00:00:00', 10, 'SEVES'),
(24, 1104, '2000-01-30 00:00:00', 19, 'WELLI'),
(10, 500, '2000-01-30 00:00:00', 21, 'PRINI'),
(15, 1050, '2000-01-30 00:00:00', 25, 'WELLI'),
(25, 3225, '2000-01-30 00:00:00', 30, 'SIMOB'),
(4, 400, '2000-01-30 00:00:00', 49, 'SEVES'),
(18, 4770, '2000-01-30 00:00:00', 51, 'PRINI'),
(30, 7950, '2000-01-30 00:00:00', 51, 'SIMOB'),
(60, 7200, '2000-01-30 00:00:00', 55, 'SIMOB'),
(15, 4125, '2000-01-30 00:00:00', 59, 'WELLI'),
(5, 1235, '2000-01-30 00:00:00', 62, 'SIMOB'),
(20, 1900, '2000-01-31 00:00:00', 2, 'VICTE'),
(10, 700, '2000-01-31 00:00:00', 34, 'THEBI'),
(30, 2700, '2000-01-31 00:00:00', 35, 'SAVEA'),
(10, 13180, '2000-01-31 00:00:00', 38, 'THEBI'),
(120, 14400, '2000-01-31 00:00:00', 55, 'SAVEA'),
(2, 210, '2000-01-31 00:00:00', 65, 'VICTE'),
(15, 750, '2000-01-31 00:00:00', 74, 'VICTE'),
(21, 12999, '2000-02-01 00:00:00', 29, 'EASTC'),
(35, 3150, '2000-02-01 00:00:00', 35, 'EASTC'),
(1, 92, '2000-02-01 00:00:00', 40, 'FRANS'),
(30, 3000, '2000-02-01 00:00:00', 49, 'EASTC'),
(20, 700, '2000-02-01 00:00:00', 52, 'WELLI'),
(44, 8360, '2000-02-01 00:00:00', 56, 'OLDWO'),
(60, 3780, '2000-02-01 00:00:00', 68, 'VAFFE'),
(30, 3240, '2000-02-01 00:00:00', 71, 'VAFFE'),
(50, 4500, '2000-02-01 00:00:00', 76, 'OLDWO'),
(35, 3150, '2000-02-01 00:00:00', 76, 'VAFFE'),
(14, 910, '2000-02-01 00:00:00', 77, 'VAFFE'),
(7, 210, '2000-02-02 00:00:00', 13, 'LAUGB'),
(15, 690, '2000-02-02 00:00:00', 19, 'LINOD'),
(18, 810, '2000-02-02 00:00:00', 23, 'LINOD'),
(5, 350, '2000-02-02 00:00:00', 25, 'LAUGB'),
(18, 2322, '2000-02-02 00:00:00', 30, 'RATTC'),
(30, 2760, '2000-02-02 00:00:00', 40, 'LINOD'),
(100, 19000, '2000-02-02 00:00:00', 56, 'RATTC'),
(20, 2100, '2000-02-02 00:00:00', 65, 'RATTC'),
(5, 375, '2000-02-02 00:00:00', 70, 'LAUGB'),
(60, 6480, '2000-02-02 00:00:00', 71, 'RATTC'),
(21, 1827, '2000-02-03 00:00:00', 16, 'ERNSH'),
(60, 2700, '2000-02-03 00:00:00', 23, 'ERNSH'),
(70, 4480, '2000-02-03 00:00:00', 48, 'ERNSH'),
(65, 14300, '2000-02-03 00:00:00', 63, 'ERNSH'),
(17, 1615, '2000-02-05 00:00:00', 2, 'RICAR'),
(16, 1008, '2000-02-05 00:00:00', 31, 'REGGC'),
(20, 960, '2000-02-05 00:00:00', 41, 'VICTE'),
(20, 4600, '2000-02-05 00:00:00', 43, 'VICTE'),
(35, 2100, '2000-02-05 00:00:00', 46, 'RICAR'),
(8, 512, '2000-02-05 00:00:00', 48, 'VICTE'),
(30, 4290, '2000-02-05 00:00:00', 61, 'VICTE'),
(40, 6960, '2000-02-05 00:00:00', 72, 'REGGC'),
(20, 1300, '2000-02-05 00:00:00', 77, 'REGGC'),
(30, 4680, '2000-02-06 00:00:00', 26, 'MAGAA'),
(16, 208, '2000-02-06 00:00:00', 33, 'SAVEA'),
(30, 39540, '2000-02-06 00:00:00', 38, 'GREAL'),
(40, 2800, '2000-02-06 00:00:00', 42, 'MAGAA'),
(30, 3000, '2000-02-06 00:00:00', 49, 'MAGAA'),
(20, 4940, '2000-02-06 00:00:00', 62, 'GREAL'),
(10, 900, '2000-02-07 00:00:00', 1, 'QUEEN'),
(50, 2500, '2000-02-07 00:00:00', 3, 'LINOD'),
(30, 1500, '2000-02-07 00:00:00', 21, 'QUEEN'),
(58, 9048, '2000-02-07 00:00:00', 26, 'KOENE'),
(42, 9576, '2000-02-07 00:00:00', 28, 'QUEEN'),
(20, 3200, '2000-02-07 00:00:00', 32, 'MAGAA'),
(5, 475, '2000-02-07 00:00:00', 36, 'QUEEN'),
(30, 39540, '2000-02-07 00:00:00', 38, 'KOENE'),
(60, 5520, '2000-02-07 00:00:00', 40, 'KOENE'),
(2, 184, '2000-02-07 00:00:00', 40, 'QUEEN'),
(20, 960, '2000-02-07 00:00:00', 41, 'MAGAA'),
(7, 1610, '2000-02-07 00:00:00', 43, 'CACTU'),
(25, 6175, '2000-02-07 00:00:00', 62, 'KOENE'),
(20, 780, '2000-02-07 00:00:00', 75, 'CACTU'),
(30, 3150, '2000-02-08 00:00:00', 11, 'OTTIK'),
(20, 1800, '2000-02-08 00:00:00', 35, 'SPLIR'),
(6, 1590, '2000-02-08 00:00:00', 51, 'SPLIR'),
(15, 2700, '2000-02-08 00:00:00', 69, 'OTTIK'),
(15, 1620, '2000-02-08 00:00:00', 71, 'OTTIK'),
(20, 2100, '2000-02-09 00:00:00', 11, 'LILAS'),
(10, 1300, '2000-02-09 00:00:00', 37, 'FOLIG'),
(12, 576, '2000-02-09 00:00:00', 41, 'FOLKO'),
(6, 222, '2000-02-09 00:00:00', 54, 'FOLIG'),
(15, 1470, '2000-02-09 00:00:00', 57, 'LILAS'),
(40, 11000, '2000-02-09 00:00:00', 59, 'LILAS'),
(35, 8645, '2000-02-09 00:00:00', 62, 'FOLIG'),
(3, 741, '2000-02-09 00:00:00', 62, 'TRAIH'),
(9, 675, '2000-02-09 00:00:00', 70, 'FOLKO'),
(6, 450, '2000-02-09 00:00:00', 70, 'TRAIH'),
(15, 975, '2000-02-09 00:00:00', 77, 'LILAS'),
(12, 1392, '2000-02-10 00:00:00', 14, 'OCEAN'),
(12, 600, '2000-02-10 00:00:00', 21, 'OCEAN'),
(49, 637, '2000-02-10 00:00:00', 33, 'BOTTM'),
(25, 6875, '2000-02-10 00:00:00', 59, 'BOTTM'),
(12, 1872, '2000-02-12 00:00:00', 26, 'DRACD'),
(35, 2205, '2000-02-12 00:00:00', 31, 'BLONP'),
(20, 3280, '2000-02-12 00:00:00', 53, 'DRACD'),
(15, 1470, '2000-02-12 00:00:00', 57, 'BLONP'),
(10, 950, '2000-02-13 00:00:00', 2, 'ISLAT'),
(20, 4000, '2000-02-13 00:00:00', 8, 'ISLAT'),
(15, 2325, '2000-02-13 00:00:00', 10, 'BONAP'),
(10, 300, '2000-02-13 00:00:00', 13, 'ISLAT'),
(5, 2025, '2000-02-13 00:00:00', 20, 'RANCH'),
(2, 2636, '2000-02-13 00:00:00', 38, 'RANCH'),
(21, 1890, '2000-02-13 00:00:00', 39, 'BONAP'),
(25, 1200, '2000-02-13 00:00:00', 41, 'BOTTM'),
(40, 3880, '2000-02-13 00:00:00', 44, 'BOTTM'),
(21, 3570, '2000-02-13 00:00:00', 60, 'ISLAT'),
(24, 2160, '2000-02-14 00:00:00', 1, 'LAMAI'),
(6, 750, '2000-02-14 00:00:00', 6, 'TRADH'),
(20, 2320, '2000-02-14 00:00:00', 14, 'WARTH'),
(2, 92, '2000-02-14 00:00:00', 19, 'SANTG'),
(8, 720, '2000-02-14 00:00:00', 35, 'SANTG'),
(8, 10544, '2000-02-14 00:00:00', 38, 'SANTG'),
(28, 2520, '2000-02-14 00:00:00', 39, 'TRADH'),
(9, 2070, '2000-02-14 00:00:00', 43, 'SANTG'),
(30, 5100, '2000-02-14 00:00:00', 60, 'TRADH'),
(40, 9880, '2000-02-14 00:00:00', 62, 'LAMAI'),
(24, 1512, '2000-02-14 00:00:00', 68, 'TRADH'),
(34, 3060, '2000-02-14 00:00:00', 76, 'LAMAI'),
(20, 3000, '2000-02-15 00:00:00', 7, 'OTTIK'),
(3, 90, '2000-02-15 00:00:00', 13, 'LAMAI'),
(18, 828, '2000-02-15 00:00:00', 19, 'FAMIA'),
(10, 700, '2000-02-15 00:00:00', 25, 'LAMAI'),
(8, 4952, '2000-02-15 00:00:00', 29, 'TRADH'),
(20, 2580, '2000-02-15 00:00:00', 30, 'TRADH'),
(9, 567, '2000-02-15 00:00:00', 31, 'OTTIK'),
(50, 650, '2000-02-15 00:00:00', 33, 'FAMIA'),
(16, 1552, '2000-02-15 00:00:00', 44, 'LAMAI'),
(9, 1476, '2000-02-15 00:00:00', 53, 'OTTIK'),
(3, 498, '2000-02-15 00:00:00', 64, 'LAMAI'),
(2, 390, '2000-02-16 00:00:00', 17, 'HUNGC'),
(20, 920, '2000-02-16 00:00:00', 19, 'WARTH'),
(52, 5460, '2000-02-16 00:00:00', 22, 'ERNSH'),
(20, 260, '2000-02-16 00:00:00', 33, 'HUNGC'),
(6, 540, '2000-02-16 00:00:00', 35, 'ERNSH'),
(10, 1640, '2000-02-16 00:00:00', 53, 'WARTH'),
(24, 2352, '2000-02-16 00:00:00', 57, 'ERNSH'),
(20, 1960, '2000-02-16 00:00:00', 57, 'WARTH'),
(15, 4125, '2000-02-16 00:00:00', 59, 'ALFKI'),
(60, 10200, '2000-02-16 00:00:00', 60, 'ERNSH'),
(30, 4980, '2000-02-16 00:00:00', 64, 'ERNSH'),
(2, 130, '2000-02-16 00:00:00', 77, 'ALFKI'),
(50, 65900, '2000-02-17 00:00:00', 38, 'SIMOB'),
(2, 120, '2000-02-17 00:00:00', 46, 'SIMOB'),
(36, 2268, '2000-02-17 00:00:00', 68, 'SIMOB'),
(35, 2275, '2000-02-17 00:00:00', 77, 'SIMOB'),
(4, 360, '2000-02-19 00:00:00', 1, 'LINOD'),
(6, 180, '2000-02-19 00:00:00', 13, 'BERGS'),
(25, 7825, '2000-02-19 00:00:00', 18, 'LINOD'),
(50, 4750, '2000-02-19 00:00:00', 36, 'LINOD'),
(25, 2300, '2000-02-19 00:00:00', 40, 'BERGS'),
(40, 1920, '2000-02-19 00:00:00', 47, 'BERGS'),
(30, 1980, '2000-02-19 00:00:00', 58, 'TRADH'),
(15, 2610, '2000-02-19 00:00:00', 72, 'TRADH'),
(21, 1890, '2000-02-19 00:00:00', 76, 'BERGS'),
(60, 5700, '2000-02-20 00:00:00', 2, 'QUICK'),
(16, 2480, '2000-02-20 00:00:00', 10, 'SUPRD'),
(6, 420, '2000-02-20 00:00:00', 25, 'LINOD'),
(10, 900, '2000-02-20 00:00:00', 39, 'LINOD'),
(55, 2640, '2000-02-20 00:00:00', 47, 'QUICK'),
(30, 5700, '2000-02-20 00:00:00', 56, 'SUPRD'),
(50, 13750, '2000-02-20 00:00:00', 59, 'SUPRD'),
(16, 2288, '2000-02-20 00:00:00', 61, 'QUICK'),
(15, 750, '2000-02-20 00:00:00', 74, 'QUICK'),
(15, 975, '2000-02-20 00:00:00', 77, 'SUPRD'),
(20, 9700, '2000-02-21 00:00:00', 9, 'WELLI'),
(15, 1575, '2000-02-21 00:00:00', 11, 'TORTU'),
(2, 60, '2000-02-21 00:00:00', 13, 'WELLI'),
(35, 3675, '2000-02-21 00:00:00', 22, 'PICCO'),
(5, 1150, '2000-02-21 00:00:00', 43, 'TORTU'),
(4, 1060, '2000-02-21 00:00:00', 51, 'VICTE'),
(60, 10200, '2000-02-21 00:00:00', 60, 'RICSU'),
(20, 1260, '2000-02-21 00:00:00', 68, 'TORTU'),
(20, 3600, '2000-02-21 00:00:00', 69, 'RICSU'),
(12, 900, '2000-02-21 00:00:00', 70, 'TORTU'),
(8, 600, '2000-02-21 00:00:00', 70, 'WELLI'),
(20, 1500, '2000-02-21 00:00:00', 73, 'WELLI'),
(21, 2310, '2000-02-22 00:00:00', 4, 'SUPRD'),
(4, 184, '2000-02-22 00:00:00', 19, 'QUEDE'),
(70, 3150, '2000-02-22 00:00:00', 23, 'QUICK'),
(30, 4680, '2000-02-22 00:00:00', 26, 'QUEDE'),
(25, 2250, '2000-02-22 00:00:00', 35, 'QUICK'),
(42, 2940, '2000-02-22 00:00:00', 42, 'QUICK'),
(15, 2460, '2000-02-22 00:00:00', 53, 'QUEDE'),
(60, 3960, '2000-02-22 00:00:00', 58, 'QUICK'),
(48, 7968, '2000-02-22 00:00:00', 64, 'QUICK'),
(30, 2250, '2000-02-22 00:00:00', 70, 'SUPRD'),
(20, 1000, '2000-02-22 00:00:00', 74, 'SUPRD'),
(10, 650, '2000-02-22 00:00:00', 77, 'QUEDE'),
(80, 7200, '2000-02-23 00:00:00', 1, 'SAVEA'),
(49, 2450, '2000-02-23 00:00:00', 3, 'KOENE'),
(30, 3210, '2000-02-23 00:00:00', 5, 'CONSH'),
(3, 1455, '2000-02-23 00:00:00', 9, 'CONSH'),
(12, 552, '2000-02-23 00:00:00', 19, 'SAVEA'),
(2, 312, '2000-02-23 00:00:00', 26, 'FRANS'),
(14, 882, '2000-02-23 00:00:00', 31, 'GOURL'),
(60, 7800, '2000-02-23 00:00:00', 37, 'SAVEA'),
(36, 1728, '2000-02-23 00:00:00', 45, 'SAVEA'),
(20, 5500, '2000-02-23 00:00:00', 59, 'GOURL'),
(45, 7650, '2000-02-23 00:00:00', 60, 'SAVEA'),
(55, 5940, '2000-02-23 00:00:00', 71, 'SAVEA'),
(60, 5400, '2000-02-24 00:00:00', 35, 'MEREP'),
(49, 64582, '2000-02-24 00:00:00', 38, 'MEREP'),
(30, 1890, '2000-02-24 00:00:00', 68, 'MEREP'),
(10, 700, '2000-02-26 00:00:00', 25, 'RICAR'),
(20, 1400, '2000-02-26 00:00:00', 25, 'VICTE'),
(4, 52, '2000-02-26 00:00:00', 33, 'VICTE'),
(10, 980, '2000-02-26 00:00:00', 57, 'RICAR'),
(42, 11550, '2000-02-26 00:00:00', 59, 'RICAR'),
(30, 2250, '2000-02-26 00:00:00', 70, 'VICTE'),
(15, 1425, '2000-02-27 00:00:00', 2, 'RATTC'),
(100, 15500, '2000-02-27 00:00:00', 10, 'ERNSH'),
(65, 1950, '2000-02-27 00:00:00', 13, 'ERNSH'),
(6, 1170, '2000-02-27 00:00:00', 17, 'RATTC'),
(10, 3130, '2000-02-27 00:00:00', 18, 'BLAUS'),
(10, 1200, '2000-02-27 00:00:00', 55, 'LAMAI'),
(5, 950, '2000-02-27 00:00:00', 56, 'GALED'),
(50, 12350, '2000-02-27 00:00:00', 62, 'RATTC'),
(7, 1162, '2000-02-27 00:00:00', 64, 'GALED'),
(20, 1900, '2000-02-28 00:00:00', 2, 'ANTON'),
(35, 4060, '2000-02-28 00:00:00', 14, 'PICCO'),
(50, 4350, '2000-02-28 00:00:00', 16, 'OLDWO'),
(14, 882, '2000-02-28 00:00:00', 31, 'OLDWO'),
(20, 1400, '2000-02-28 00:00:00', 42, 'ANTON'),
(15, 1575, '2000-02-28 00:00:00', 65, 'OLDWO'),
(30, 1500, '2000-02-29 00:00:00', 3, 'BERGS'),
(5, 750, '2000-02-29 00:00:00', 7, 'LACOR'),
(40, 920, '2000-02-29 00:00:00', 24, 'FRANK'),
(35, 5460, '2000-02-29 00:00:00', 26, 'BERGS'),
(10, 2200, '2000-02-29 00:00:00', 27, 'LACOR'),
(10, 6190, '2000-02-29 00:00:00', 29, 'BERGS'),
(35, 1295, '2000-02-29 00:00:00', 54, 'FRANK'),
(30, 4980, '2000-02-29 00:00:00', 64, 'FRANK'),
(4, 300, '2000-02-29 00:00:00', 70, 'LACOR'),
(42, 8190, '2000-03-01 00:00:00', 17, 'WHITC'),
(20, 6260, '2000-03-01 00:00:00', 18, 'WHITC'),
(40, 2000, '2000-03-01 00:00:00', 21, 'WHITC'),
(35, 455, '2000-03-01 00:00:00', 33, 'WHITC'),
(20, 1200, '2000-03-01 00:00:00', 46, 'REGGC'),
(3, 795, '2000-03-01 00:00:00', 51, 'FRANR'),
(38, 9386, '2000-03-01 00:00:00', 62, 'WHITC'),
(20, 1800, '2000-03-01 00:00:00', 76, 'FRANR'),
(45, 8775, '2000-03-02 00:00:00', 17, 'ERNSH'),
(50, 2500, '2000-03-02 00:00:00', 21, 'ERNSH'),
(40, 3240, '2000-03-02 00:00:00', 50, 'HUNGO'),
(30, 5700, '2000-03-02 00:00:00', 56, 'ERNSH'),
(70, 19250, '2000-03-02 00:00:00', 59, 'ERNSH'),
(35, 7700, '2000-03-02 00:00:00', 63, 'HUNGO'),
(50, 9750, '2000-03-03 00:00:00', 17, 'BOTTM'),
(50, 4600, '2000-03-03 00:00:00', 40, 'BOTTM'),
(30, 1440, '2000-03-03 00:00:00', 47, 'BOTTM'),
(20, 1800, '2000-03-04 00:00:00', 1, 'HILAA'),
(25, 2625, '2000-03-04 00:00:00', 11, 'LEHMS'),
(4, 360, '2000-03-04 00:00:00', 35, 'AROUT'),
(8, 280, '2000-03-04 00:00:00', 52, 'LEHMS'),
(12, 792, '2000-03-04 00:00:00', 58, 'HILAA'),
(15, 1050, '2000-03-04 00:00:00', 67, 'AROUT'),
(21, 1995, '2000-03-05 00:00:00', 2, 'BERGS'),
(6, 138, '2000-03-05 00:00:00', 24, 'BERGS'),
(40, 5160, '2000-03-05 00:00:00', 30, 'BERGS'),
(60, 79080, '2000-03-05 00:00:00', 38, 'QUICK'),
(80, 7200, '2000-03-05 00:00:00', 39, 'QUICK'),
(40, 3600, '2000-03-06 00:00:00', 1, 'SEVES'),
(10, 1050, '2000-03-06 00:00:00', 11, 'SEVES'),
(50, 2250, '2000-03-06 00:00:00', 23, 'SEVES'),
(20, 3120, '2000-03-06 00:00:00', 26, 'QUEEN'),
(10, 1560, '2000-03-06 00:00:00', 26, 'SPLIR'),
(30, 2700, '2000-03-06 00:00:00', 35, 'QUEEN'),
(42, 4200, '2000-03-06 00:00:00', 49, 'QUEEN'),
(3, 492, '2000-03-06 00:00:00', 53, 'LONEP'),
(40, 1480, '2000-03-06 00:00:00', 54, 'SPLIR'),
(28, 5320, '2000-03-06 00:00:00', 56, 'PRINI'),
(20, 1260, '2000-03-06 00:00:00', 68, 'SEVES'),
(50, 6250, '2000-03-07 00:00:00', 6, 'BONAP'),
(6, 630, '2000-03-07 00:00:00', 11, 'FOLKO'),
(12, 1044, '2000-03-07 00:00:00', 16, 'BONAP'),
(16, 3120, '2000-03-07 00:00:00', 17, 'BONAP'),
(3, 270, '2000-03-07 00:00:00', 35, 'WOLZA'),
(2, 530, '2000-03-07 00:00:00', 51, 'WOLZA'),
(18, 1620, '2000-03-07 00:00:00', 76, 'FOLKO'),
(10, 950, '2000-03-08 00:00:00', 2, 'CONSH'),
(10, 1550, '2000-03-08 00:00:00', 10, 'GODOS'),
(20, 1000, '2000-03-08 00:00:00', 21, 'WILMK'),
(12, 1260, '2000-03-08 00:00:00', 22, 'CONSH'),
(3, 684, '2000-03-08 00:00:00', 28, 'WILMK'),
(5, 300, '2000-03-08 00:00:00', 46, 'BLONP'),
(10, 1200, '2000-03-08 00:00:00', 55, 'GODOS'),
(40, 7600, '2000-03-08 00:00:00', 56, 'BLONP'),
(20, 4940, '2000-03-08 00:00:00', 62, 'GODOS'),
(30, 4980, '2000-03-08 00:00:00', 64, 'BLONP'),
(15, 2490, '2000-03-08 00:00:00', 64, 'GODOS'),
(21, 2205, '2000-03-08 00:00:00', 65, 'GODOS'),
(10, 1740, '2000-03-08 00:00:00', 72, 'CONSH'),
(24, 936, '2000-03-08 00:00:00', 75, 'BLONP'),
(65, 10660, '2000-03-09 00:00:00', 53, 'WARTH'),
(27, 1242, '2000-03-10 00:00:00', 19, 'TOMSP'),
(20, 1400, '2000-03-10 00:00:00', 34, 'TOMSP'),
(15, 1470, '2000-03-10 00:00:00', 57, 'TOMSP'),
(25, 1150, '2000-03-11 00:00:00', 19, 'BERGS'),
(21, 1260, '2000-03-11 00:00:00', 46, 'BONAP'),
(21, 1008, '2000-03-11 00:00:00', 47, 'BERGS'),
(15, 1500, '2000-03-11 00:00:00', 49, 'BERGS'),
(20, 3320, '2000-03-11 00:00:00', 64, 'BONAP'),
(30, 2610, '2000-03-12 00:00:00', 16, 'RICAR'),
(25, 7825, '2000-03-12 00:00:00', 18, 'RICAR'),
(20, 8100, '2000-03-12 00:00:00', 20, 'QUICK'),
(12, 1104, '2000-03-12 00:00:00', 40, 'WILMK'),
(10, 1050, '2000-03-12 00:00:00', 65, 'WILMK'),
(10, 900, '2000-03-12 00:00:00', 76, 'WILMK'),
(45, 4275, '2000-03-13 00:00:00', 2, 'SAVEA'),
(15, 2850, '2000-03-13 00:00:00', 12, 'MEREP'),
(16, 1392, '2000-03-13 00:00:00', 16, 'MEREP'),
(49, 4263, '2000-03-13 00:00:00', 16, 'SAVEA'),
(30, 1350, '2000-03-13 00:00:00', 23, 'FOLKO'),
(24, 14856, '2000-03-13 00:00:00', 29, 'SAVEA'),
(30, 4290, '2000-03-13 00:00:00', 61, 'FOLKO'),
(90, 12870, '2000-03-13 00:00:00', 61, 'SAVEA'),
(6, 996, '2000-03-13 00:00:00', 64, 'MEREP'),
(50, 3750, '2000-03-13 00:00:00', 70, 'FOLKO'),
(10, 750, '2000-03-13 00:00:00', 73, 'CACTU'),
(30, 1500, '2000-03-13 00:00:00', 74, 'MEREP'),
(40, 2000, '2000-03-14 00:00:00', 21, 'LETSS'),
(8, 184, '2000-03-14 00:00:00', 24, 'LONEP'),
(50, 11000, '2000-03-14 00:00:00', 27, 'OLDWO'),
(25, 1750, '2000-03-14 00:00:00', 42, 'SAVEA'),
(20, 2000, '2000-03-14 00:00:00', 49, 'SAVEA'),
(32, 1184, '2000-03-14 00:00:00', 54, 'SAVEA'),
(21, 3990, '2000-03-14 00:00:00', 56, 'LETSS'),
(12, 1260, '2000-03-14 00:00:00', 65, 'LETSS'),
(20, 1900, '2000-03-15 00:00:00', 2, 'SUPRD'),
(70, 10850, '2000-03-15 00:00:00', 10, 'HANAR'),
(30, 3150, '2000-03-15 00:00:00', 11, 'ERNSH'),
(6, 630, '2000-03-15 00:00:00', 11, 'REGGC'),
(12, 276, '2000-03-15 00:00:00', 24, 'SUPRD'),
(12, 2736, '2000-03-15 00:00:00', 28, 'REGGC'),
(35, 2205, '2000-03-15 00:00:00', 31, 'HANAR'),
(80, 2960, '2000-03-15 00:00:00', 54, 'ERNSH'),
(60, 5100, '2000-03-15 00:00:00', 66, 'ERNSH'),
(30, 2250, '2000-03-15 00:00:00', 70, 'SUPRD'),
(40, 2600, '2000-03-15 00:00:00', 77, 'HANAR'),
(25, 1625, '2000-03-15 00:00:00', 77, 'SUPRD'),
(10, 1950, '2000-03-16 00:00:00', 17, 'BERGS'),
(15, 2340, '2000-03-16 00:00:00', 26, 'BERGS'),
(8, 720, '2000-03-16 00:00:00', 35, 'BERGS'),
(30, 1440, '2000-03-16 00:00:00', 41, 'BERGS'),
(20, 460, '2000-03-17 00:00:00', 24, 'TOMSP'),
(3, 189, '2000-03-17 00:00:00', 31, 'TOMSP'),
(6, 540, '2000-03-17 00:00:00', 39, 'BERGS'),
(15, 525, '2000-03-17 00:00:00', 52, 'TOMSP'),
(15, 555, '2000-03-17 00:00:00', 54, 'BERGS'),
(20, 1900, '2000-03-18 00:00:00', 2, 'GODOS'),
(40, 4200, '2000-03-18 00:00:00', 11, 'RATTC'),
(5, 350, '2000-03-18 00:00:00', 25, 'GALED'),
(40, 52720, '2000-03-18 00:00:00', 38, 'RATTC'),
(18, 1134, '2000-03-18 00:00:00', 68, 'GODOS'),
(15, 2925, '2000-03-19 00:00:00', 17, 'DUMON'),
(15, 1935, '2000-03-19 00:00:00', 30, 'LEHMS'),
(10, 700, '2000-03-19 00:00:00', 34, 'DUMON'),
(14, 672, '2000-03-19 00:00:00', 41, 'DUMON'),
(30, 6000, '2000-03-20 00:00:00', 8, 'KOENE'),
(28, 840, '2000-03-20 00:00:00', 13, 'SAVEA'),
(40, 1840, '2000-03-20 00:00:00', 19, 'RICAR'),
(10, 230, '2000-03-20 00:00:00', 24, 'KOENE'),
(24, 14856, '2000-03-20 00:00:00', 29, 'KOENE'),
(35, 4515, '2000-03-20 00:00:00', 30, 'KOENE'),
(20, 1900, '2000-03-20 00:00:00', 36, 'KOENE'),
(40, 11000, '2000-03-20 00:00:00', 59, 'MAISD'),
(35, 3675, '2000-03-20 00:00:00', 65, 'RICAR'),
(50, 9000, '2000-03-20 00:00:00', 69, 'SAVEA'),
(2, 216, '2000-03-20 00:00:00', 71, 'RICAR'),
(120, 4680, '2000-03-20 00:00:00', 75, 'SAVEA'),
(110, 2530, '2000-03-21 00:00:00', 24, 'ERNSH'),
(6, 936, '2000-03-21 00:00:00', 26, 'RANCH'),
(45, 4050, '2000-03-21 00:00:00', 39, 'ERNSH'),
(91, 8372, '2000-03-21 00:00:00', 40, 'ERNSH'),
(20, 1840, '2000-03-21 00:00:00', 40, 'RANCH'),
(15, 720, '2000-03-21 00:00:00', 45, 'MAISD'),
(16, 3040, '2000-03-21 00:00:00', 56, 'MAISD'),
(100, 17000, '2000-03-21 00:00:00', 60, 'ERNSH'),
(14, 2170, '2000-03-22 00:00:00', 10, 'BLONP'),
(20, 3100, '2000-03-22 00:00:00', 10, 'VICTE'),
(5, 150, '2000-03-22 00:00:00', 13, 'OCEAN'),
(140, 86660, '2000-03-22 00:00:00', 29, 'HUNGO'),
(36, 4644, '2000-03-22 00:00:00', 30, 'HUNGO'),
(8, 720, '2000-03-22 00:00:00', 39, 'LILAS'),
(20, 700, '2000-03-22 00:00:00', 52, 'BLONP'),
(6, 222, '2000-03-22 00:00:00', 54, 'VICTE'),
(35, 8645, '2000-03-22 00:00:00', 62, 'BLONP'),
(120, 14400, '2000-03-23 00:00:00', 55, 'QUICK'),
(35, 5810, '2000-03-23 00:00:00', 64, 'QUICK'),
(28, 2940, '2000-03-23 00:00:00', 65, 'QUICK'),
(55, 3575, '2000-03-23 00:00:00', 77, 'QUICK'),
(15, 3420, '2000-03-24 00:00:00', 28, 'SAVEA'),
(100, 9700, '2000-03-24 00:00:00', 44, 'SAVEA'),
(15, 960, '2000-03-24 00:00:00', 48, 'AROUT'),
(25, 1875, '2000-03-24 00:00:00', 70, 'AROUT'),
(30, 1440, '2000-03-25 00:00:00', 41, 'HILAA'),
(3, 225, '2000-03-25 00:00:00', 70, 'WELLI'),
(30, 3240, '2000-03-25 00:00:00', 71, 'HILAA'),
(40, 1200, '2000-03-26 00:00:00', 13, 'HANAR'),
(30, 3600, '2000-03-26 00:00:00', 55, 'FOLKO'),
(15, 990, '2000-03-26 00:00:00', 58, 'WHITC'),
(6, 1482, '2000-03-26 00:00:00', 62, 'FOLKO'),
(21, 2205, '2000-03-26 00:00:00', 65, 'HANAR'),
(20, 1260, '2000-03-26 00:00:00', 68, 'HANAR'),
(20, 1800, '2000-03-27 00:00:00', 1, 'WELLI'),
(20, 1740, '2000-03-27 00:00:00', 16, 'LAMAI'),
(20, 260, '2000-03-27 00:00:00', 33, 'LAMAI'),
(10, 600, '2000-03-27 00:00:00', 46, 'LAMAI'),
(15, 2145, '2000-03-27 00:00:00', 61, 'WOLZA'),
(10, 900, '2000-03-28 00:00:00', 1, 'GODOS'),
(20, 3000, '2000-03-28 00:00:00', 7, 'REGGC'),
(12, 1800, '2000-03-28 00:00:00', 7, 'SANTG'),
(40, 4200, '2000-03-28 00:00:00', 11, 'HUNGO'),
(15, 1305, '2000-03-28 00:00:00', 16, 'SANTG'),
(12, 2340, '2000-03-28 00:00:00', 17, 'GODOS'),
(12, 552, '2000-03-28 00:00:00', 19, 'WILMK'),
(40, 2000, '2000-03-28 00:00:00', 21, 'KOENE'),
(20, 1800, '2000-03-28 00:00:00', 39, 'WARTH'),
(5, 240, '2000-03-28 00:00:00', 41, 'SANTG'),
(21, 2100, '2000-03-28 00:00:00', 49, 'KOENE'),
(10, 1000, '2000-03-28 00:00:00', 49, 'WILMK'),
(14, 490, '2000-03-28 00:00:00', 52, 'REGGC'),
(25, 3575, '2000-03-28 00:00:00', 61, 'WARTH'),
(5, 715, '2000-03-28 00:00:00', 61, 'WILMK'),
(15, 1050, '2000-03-28 00:00:00', 67, 'GODOS'),
(30, 3240, '2000-03-28 00:00:00', 71, 'WARTH'),
(14, 546, '2000-03-28 00:00:00', 75, 'SPECD'),
(30, 3300, '2000-03-29 00:00:00', 4, 'QUEEN'),
(10, 1950, '2000-03-29 00:00:00', 17, 'TORTU'),
(40, 520, '2000-03-29 00:00:00', 33, 'QUEEN'),
(30, 390, '2000-03-29 00:00:00', 33, 'TORTU'),
(10, 370, '2000-03-29 00:00:00', 54, 'TORTU'),
(15, 990, '2000-03-29 00:00:00', 58, 'QUEEN'),
(36, 9900, '2000-03-29 00:00:00', 59, 'KOENE'),
(25, 2700, '2000-03-29 00:00:00', 71, 'QUEEN'),
(30, 4680, '2000-03-30 00:00:00', 26, 'SUPRD'),
(30, 6840, '2000-03-30 00:00:00', 28, 'SUPRD'),
(20, 4600, '2000-03-30 00:00:00', 43, 'SUPRD'),
(15, 2850, '2000-03-30 00:00:00', 56, 'SUPRD'),
(50, 5400, '2000-03-30 00:00:00', 71, 'SUPRD'),
(16, 2400, '2000-03-31 00:00:00', 7, 'VICTE'),
(20, 1200, '2000-03-31 00:00:00', 46, 'VICTE'),
(21, 1323, '2000-03-31 00:00:00', 68, 'FOLKO'),
(40, 6960, '2000-03-31 00:00:00', 72, 'VICTE'),
(4, 156, '2000-03-31 00:00:00', 75, 'FOLKO'),
(60, 5400, '2000-04-01 00:00:00', 1, 'BOTTM'),
(6, 522, '2000-04-01 00:00:00', 16, 'RANCH'),
(1, 129, '2000-04-01 00:00:00', 30, 'ROMEY'),
(6, 960, '2000-04-01 00:00:00', 32, 'RANCH'),
(20, 1960, '2000-04-01 00:00:00', 57, 'RANCH'),
(25, 4250, '2000-04-01 00:00:00', 60, 'BOTTM'),
(10, 1700, '2000-04-01 00:00:00', 60, 'ROMEY'),
(52, 4524, '2000-04-02 00:00:00', 16, 'LINOD'),
(15, 2925, '2000-04-02 00:00:00', 17, 'HANAR'),
(35, 805, '2000-04-02 00:00:00', 24, 'HANAR'),
(24, 1680, '2000-04-02 00:00:00', 25, 'LINOD'),
(10, 900, '2000-04-02 00:00:00', 35, 'VAFFE'),
(20, 1840, '2000-04-02 00:00:00', 40, 'LINOD'),
(24, 1944, '2000-04-02 00:00:00', 50, 'AROUT'),
(40, 8800, '2000-04-02 00:00:00', 63, 'VAFFE'),
(20, 3100, '2000-04-03 00:00:00', 10, 'BERGS'),
(40, 2000, '2000-04-03 00:00:00', 21, 'LILAS'),
(30, 6840, '2000-04-03 00:00:00', 28, 'BERGS'),
(28, 3612, '2000-04-03 00:00:00', 30, 'LILAS'),
(25, 2375, '2000-04-03 00:00:00', 36, 'HANAR'),
(10, 700, '2000-04-03 00:00:00', 42, 'LAMAI'),
(10, 2300, '2000-04-03 00:00:00', 43, 'LAMAI'),
(12, 420, '2000-04-03 00:00:00', 52, 'HANAR'),
(60, 7200, '2000-04-03 00:00:00', 55, 'LILAS'),
(24, 1680, '2000-04-03 00:00:00', 67, 'LAMAI'),
(6, 234, '2000-04-03 00:00:00', 75, 'BERGS'),
(2, 210, '2000-04-04 00:00:00', 11, 'ANATR'),
(10, 300, '2000-04-04 00:00:00', 13, 'ANATR'),
(1, 30, '2000-04-04 00:00:00', 13, 'CONSH'),
(7, 322, '2000-04-04 00:00:00', 19, 'ANATR'),
(21, 966, '2000-04-04 00:00:00', 19, 'SUPRD'),
(5, 2025, '2000-04-04 00:00:00', 20, 'LACOR'),
(21, 945, '2000-04-04 00:00:00', 23, 'CONSH'),
(50, 3500, '2000-04-04 00:00:00', 42, 'SUPRD'),
(5, 240, '2000-04-04 00:00:00', 47, 'GALED'),
(5, 175, '2000-04-04 00:00:00', 52, 'LACOR'),
(10, 1740, '2000-04-04 00:00:00', 72, 'ANATR'),
(5, 450, '2000-04-04 00:00:00', 76, 'GALED'),
(20, 1800, '2000-04-04 00:00:00', 76, 'LACOR'),
(16, 1760, '2000-04-05 00:00:00', 4, 'FURIB'),
(42, 1260, '2000-04-05 00:00:00', 13, 'RICSU'),
(30, 2610, '2000-04-05 00:00:00', 16, 'BONAP'),
(60, 3000, '2000-04-05 00:00:00', 21, 'FRANK'),
(36, 1800, '2000-04-05 00:00:00', 21, 'SUPRD'),
(25, 5500, '2000-04-05 00:00:00', 27, 'SUPRD'),
(3, 690, '2000-04-05 00:00:00', 43, 'FURIB'),
(25, 3000, '2000-04-05 00:00:00', 55, 'SUPRD'),
(30, 5700, '2000-04-05 00:00:00', 56, 'FURIB'),
(30, 2940, '2000-04-05 00:00:00', 57, 'RICSU'),
(30, 1980, '2000-04-05 00:00:00', 58, 'SUPRD'),
(22, 3740, '2000-04-05 00:00:00', 60, 'FURIB'),
(14, 3458, '2000-04-05 00:00:00', 62, 'BONAP'),
(16, 2784, '2000-04-05 00:00:00', 72, 'BONAP'),
(20, 780, '2000-04-05 00:00:00', 75, 'BONAP'),
(49, 1911, '2000-04-05 00:00:00', 75, 'FRANK'),
(15, 975, '2000-04-05 00:00:00', 77, 'FRANK'),
(10, 1050, '2000-04-06 00:00:00', 11, 'COMMI'),
(50, 1150, '2000-04-06 00:00:00', 24, 'VAFFE'),
(18, 11142, '2000-04-06 00:00:00', 29, 'VAFFE'),
(20, 1840, '2000-04-06 00:00:00', 40, 'VAFFE'),
(30, 1440, '2000-04-06 00:00:00', 45, 'VAFFE'),
(14, 840, '2000-04-06 00:00:00', 46, 'COMMI'),
(25, 2025, '2000-04-06 00:00:00', 50, 'VAFFE'),
(28, 644, '2000-04-07 00:00:00', 24, 'MAGAA'),
(12, 840, '2000-04-07 00:00:00', 25, 'MAGAA'),
(21, 1890, '2000-04-08 00:00:00', 1, 'WELLI'),
(20, 2500, '2000-04-08 00:00:00', 6, 'LEHMS'),
(4, 1252, '2000-04-08 00:00:00', 18, 'WELLI'),
(8, 360, '2000-04-08 00:00:00', 23, 'WELLI'),
(2, 328, '2000-04-08 00:00:00', 53, 'ISLAT'),
(30, 4290, '2000-04-08 00:00:00', 61, 'ISLAT'),
(97, 2910, '2000-04-09 00:00:00', 13, 'QUICK'),
(8, 1824, '2000-04-09 00:00:00', 28, 'CACTU'),
(20, 1400, '2000-04-09 00:00:00', 34, 'CACTU'),
(30, 2850, '2000-04-09 00:00:00', 36, 'GREAL'),
(24, 5520, '2000-04-09 00:00:00', 43, 'QUICK'),
(49, 8330, '2000-04-09 00:00:00', 60, 'QUICK'),
(35, 3780, '2000-04-09 00:00:00', 71, 'QUICK'),
(10, 950, '2000-04-10 00:00:00', 2, 'MAGAA'),
(8, 1200, '2000-04-10 00:00:00', 7, 'BONAP'),
(20, 600, '2000-04-10 00:00:00', 13, 'BONAP'),
(8, 1032, '2000-04-10 00:00:00', 30, 'KOENE'),
(44, 2772, '2000-04-10 00:00:00', 31, 'SAVEA'),
(15, 3450, '2000-04-10 00:00:00', 43, 'KOENE'),
(28, 2800, '2000-04-10 00:00:00', 49, 'REGGC'),
(30, 7410, '2000-04-10 00:00:00', 62, 'SAVEA'),
(40, 2800, '2000-04-10 00:00:00', 67, 'MAGAA'),
(80, 5040, '2000-04-10 00:00:00', 68, 'SAVEA'),
(50, 8700, '2000-04-10 00:00:00', 72, 'SAVEA'),
(40, 3800, '2000-04-11 00:00:00', 2, 'WHITC'),
(5, 525, '2000-04-11 00:00:00', 11, 'BOTTM'),
(15, 450, '2000-04-11 00:00:00', 13, 'BSBEV'),
(20, 600, '2000-04-11 00:00:00', 13, 'MORGK'),
(35, 3045, '2000-04-11 00:00:00', 16, 'WHITC'),
(30, 9390, '2000-04-11 00:00:00', 18, 'BONAP'),
(21, 2205, '2000-04-11 00:00:00', 22, 'BSBEV'),
(15, 675, '2000-04-11 00:00:00', 23, 'BONAP'),
(10, 630, '2000-04-11 00:00:00', 31, 'MORGK'),
(18, 1746, '2000-04-11 00:00:00', 44, 'BOTTM'),
(2, 194, '2000-04-11 00:00:00', 44, 'WHITC'),
(15, 900, '2000-04-11 00:00:00', 46, 'BSBEV'),
(18, 3420, '2000-04-11 00:00:00', 56, 'BOTTM'),
(8, 1328, '2000-04-11 00:00:00', 64, 'BONAP'),
(30, 4500, '2000-04-12 00:00:00', 7, 'BSBEV'),
(25, 3875, '2000-04-12 00:00:00', 10, 'VAFFE'),
(9, 729, '2000-04-12 00:00:00', 50, 'GODOS'),
(40, 10600, '2000-04-12 00:00:00', 51, 'GODOS'),
(4, 480, '2000-04-12 00:00:00', 55, 'GODOS'),
(20, 3800, '2000-04-12 00:00:00', 56, 'BSBEV'),
(4, 1100, '2000-04-12 00:00:00', 59, 'BSBEV'),
(40, 2600, '2000-04-12 00:00:00', 77, 'VAFFE'),
(80, 1840, '2000-04-13 00:00:00', 24, 'SEVES'),
(12, 156, '2000-04-13 00:00:00', 33, 'ISLAT'),
(18, 4770, '2000-04-13 00:00:00', 51, 'SEVES'),
(12, 1296, '2000-04-13 00:00:00', 71, 'ISLAT'),
(12, 1392, '2000-04-14 00:00:00', 14, 'PERIC'),
(18, 4104, '2000-04-14 00:00:00', 28, 'PERIC'),
(21, 1932, '2000-04-14 00:00:00', 40, 'PERIC'),
(10, 390, '2000-04-14 00:00:00', 75, 'PERIC'),
(5, 550, '2000-04-15 00:00:00', 4, 'MAGAA'),
(16, 2000, '2000-04-15 00:00:00', 6, 'ALFKI'),
(12, 1500, '2000-04-15 00:00:00', 6, 'BOTTM'),
(30, 4650, '2000-04-15 00:00:00', 10, 'BOTTM'),
(6, 1170, '2000-04-15 00:00:00', 17, 'BOTTM'),
(2, 456, '2000-04-15 00:00:00', 28, 'ALFKI'),
(15, 195, '2000-04-15 00:00:00', 33, 'RICSU'),
(6, 288, '2000-04-15 00:00:00', 41, 'RICSU'),
(60, 14820, '2000-04-15 00:00:00', 62, 'BOTTM'),
(50, 1950, '2000-04-15 00:00:00', 75, 'RICSU'),
(50, 20250, '2000-04-16 00:00:00', 20, 'AROUT'),
(50, 3150, '2000-04-16 00:00:00', 31, 'AROUT'),
(25, 1575, '2000-04-16 00:00:00', 31, 'LINOD'),
(30, 1440, '2000-04-16 00:00:00', 45, 'LINOD'),
(24, 4080, '2000-04-16 00:00:00', 60, 'LINOD'),
(52, 2028, '2000-04-16 00:00:00', 75, 'FOLKO'),
(20, 2140, '2000-04-17 00:00:00', 5, 'OCEAN'),
(6, 900, '2000-04-17 00:00:00', 7, 'OCEAN'),
(12, 600, '2000-04-17 00:00:00', 21, 'BLAUS'),
(30, 3870, '2000-04-17 00:00:00', 30, 'HILAA'),
(35, 2205, '2000-04-17 00:00:00', 31, 'SUPRD'),
(40, 3600, '2000-04-17 00:00:00', 35, 'HILAA'),
(14, 672, '2000-04-17 00:00:00', 47, 'BLAUS'),
(8, 2120, '2000-04-17 00:00:00', 51, 'BLAUS'),
(2, 240, '2000-04-17 00:00:00', 55, 'HILAA'),
(8, 1328, '2000-04-17 00:00:00', 64, 'HILAA'),
(60, 5100, '2000-04-17 00:00:00', 66, 'SUPRD'),
(12, 900, '2000-04-17 00:00:00', 70, 'HILAA'),
(5, 870, '2000-04-17 00:00:00', 72, 'OCEAN'),
(42, 3780, '2000-04-17 00:00:00', 76, 'SUPRD'),
(15, 1350, '2000-04-18 00:00:00', 1, 'PRINI'),
(45, 6750, '2000-04-18 00:00:00', 7, 'QUICK'),
(21, 1050, '2000-04-18 00:00:00', 21, 'PRINI'),
(10, 230, '2000-04-18 00:00:00', 24, 'HILAA'),
(20, 1800, '2000-04-18 00:00:00', 39, 'PRINI'),
(24, 1152, '2000-04-18 00:00:00', 41, 'HILAA'),
(6, 210, '2000-04-18 00:00:00', 52, 'QUEEN'),
(20, 3280, '2000-04-18 00:00:00', 53, 'QUICK'),
(9, 1620, '2000-04-18 00:00:00', 69, 'QUICK'),
(20, 780, '2000-04-18 00:00:00', 75, 'GOURL'),
(60, 5400, '2000-04-18 00:00:00', 76, 'QUEEN'),
(44, 3960, '2000-04-18 00:00:00', 76, 'QUICK'),
(20, 3100, '2000-04-19 00:00:00', 10, 'VICTE'),
(6, 1878, '2000-04-19 00:00:00', 18, 'SPECD'),
(5, 6590, '2000-04-19 00:00:00', 38, 'SPECD'),
(16, 4240, '2000-04-19 00:00:00', 51, 'OLDWO'),
(10, 1800, '2000-04-19 00:00:00', 69, 'SPECD'),
(30, 39540, '2000-04-20 00:00:00', 38, 'RATTC'),
(30, 1440, '2000-04-20 00:00:00', 47, 'FOLIG'),
(28, 4592, '2000-04-20 00:00:00', 53, 'RATTC'),
(12, 3300, '2000-04-20 00:00:00', 59, 'FOLIG'),
(60, 16500, '2000-04-20 00:00:00', 59, 'RATTC'),
(30, 4980, '2000-04-20 00:00:00', 64, 'RATTC'),
(24, 2400, '2000-04-21 00:00:00', 49, 'RICAR'),
(40, 6800, '2000-04-21 00:00:00', 60, 'RICAR'),
(50, 9500, '2000-04-22 00:00:00', 12, 'ERNSH'),
(12, 552, '2000-04-22 00:00:00', 19, 'TOMSP'),
(110, 2530, '2000-04-22 00:00:00', 24, 'ERNSH'),
(8, 1040, '2000-04-22 00:00:00', 37, 'CHOPS'),
(40, 4000, '2000-04-22 00:00:00', 49, 'TOMSP'),
(12, 2280, '2000-04-22 00:00:00', 56, 'CHOPS'),
(12, 2964, '2000-04-22 00:00:00', 62, 'CHOPS'),
(4, 664, '2000-04-22 00:00:00', 64, 'ERNSH'),
(6, 1170, '2000-04-23 00:00:00', 17, 'LACOR'),
(14, 8666, '2000-04-23 00:00:00', 29, 'FRANR'),
(7, 91, '2000-04-23 00:00:00', 33, 'LACOR'),
(40, 1400, '2000-04-23 00:00:00', 52, 'BOLID'),
(16, 3200, '2000-04-24 00:00:00', 8, 'BOTTM'),
(5, 780, '2000-04-24 00:00:00', 26, 'LACOR'),
(35, 2450, '2000-04-24 00:00:00', 34, 'WHITC'),
(10, 920, '2000-04-24 00:00:00', 40, 'LAZYK'),
(6, 288, '2000-04-24 00:00:00', 41, 'LACOR'),
(10, 2200, '2000-04-24 00:00:00', 63, 'SPLIR'),
(10, 390, '2000-04-24 00:00:00', 75, 'BOTTM'),
(10, 390, '2000-04-24 00:00:00', 75, 'LACOR'),
(30, 1950, '2000-04-24 00:00:00', 77, 'WHITC'),
(20, 4000, '2000-04-25 00:00:00', 8, 'MAISD'),
(14, 700, '2000-04-25 00:00:00', 21, 'BSBEV'),
(40, 2000, '2000-04-25 00:00:00', 21, 'MAISD'),
(20, 4560, '2000-04-25 00:00:00', 28, 'HILAA'),
(30, 2700, '2000-04-25 00:00:00', 39, 'FOLKO'),
(10, 920, '2000-04-25 00:00:00', 40, 'BSBEV'),
(10, 920, '2000-04-25 00:00:00', 40, 'MAISD'),
(6, 582, '2000-04-25 00:00:00', 44, 'MAISD'),
(30, 1440, '2000-04-25 00:00:00', 47, 'FOLKO'),
(3, 795, '2000-04-25 00:00:00', 51, 'BSBEV'),
(10, 2650, '2000-04-25 00:00:00', 51, 'FOLKO'),
(20, 4400, '2000-04-25 00:00:00', 63, 'FOLKO'),
(20, 1900, '2000-04-26 00:00:00', 2, 'LINOD'),
(20, 1000, '2000-04-26 00:00:00', 3, 'LINOD'),
(20, 3000, '2000-04-26 00:00:00', 7, 'BOTTM'),
(18, 2700, '2000-04-26 00:00:00', 7, 'ERNSH'),
(5, 525, '2000-04-26 00:00:00', 11, 'HILAA'),
(30, 6600, '2000-04-26 00:00:00', 27, 'ERNSH'),
(24, 1512, '2000-04-26 00:00:00', 31, 'ERNSH'),
(60, 79080, '2000-04-26 00:00:00', 38, 'HANAR'),
(9, 2070, '2000-04-26 00:00:00', 43, 'BOTTM'),
(25, 6625, '2000-04-26 00:00:00', 51, 'HILAA'),
(30, 3600, '2000-04-26 00:00:00', 55, 'LINOD'),
(35, 7700, '2000-04-26 00:00:00', 63, 'ERNSH'),
(60, 4500, '2000-04-26 00:00:00', 70, 'LINOD'),
(16, 800, '2000-04-26 00:00:00', 74, 'HILAA'),
(5, 230, '2000-04-27 00:00:00', 19, 'QUEEN'),
(30, 4680, '2000-04-27 00:00:00', 26, 'QUEEN'),
(24, 888, '2000-04-27 00:00:00', 54, 'QUEEN'),
(30, 8250, '2000-04-28 00:00:00', 59, 'FRANK'),
(20, 1500, '2000-04-28 00:00:00', 73, 'FRANK'),
(84, 2520, '2000-04-29 00:00:00', 13, 'SAVEA'),
(36, 3132, '2000-04-29 00:00:00', 16, 'HUNGO'),
(55, 4785, '2000-04-29 00:00:00', 16, 'SAVEA'),
(8, 2504, '2000-04-29 00:00:00', 18, 'HUNGO'),
(20, 460, '2000-04-29 00:00:00', 24, 'SAVEA'),
(35, 5600, '2000-04-29 00:00:00', 32, 'HUNGO'),
(40, 3800, '2000-04-29 00:00:00', 36, 'SAVEA'),
(15, 1470, '2000-04-29 00:00:00', 57, 'SAVEA'),
(60, 9000, '2000-04-30 00:00:00', 7, 'EASTC'),
(60, 9000, '2000-04-30 00:00:00', 7, 'RATTC'),
(30, 3150, '2000-04-30 00:00:00', 11, 'OCEAN'),
(15, 6075, '2000-04-30 00:00:00', 20, 'OCEAN'),
(6, 1380, '2000-04-30 00:00:00', 43, 'EASTC'),
(40, 9880, '2000-04-30 00:00:00', 62, 'RATTC'),
(20, 3480, '2000-04-30 00:00:00', 72, 'EASTC'),
(10, 900, '2000-04-30 00:00:00', 76, 'OCEAN'),
(15, 975, '2000-04-30 00:00:00', 77, 'OCEAN'),
(61, 5795, '2000-05-01 00:00:00', 2, 'QUICK'),
(40, 5000, '2000-05-01 00:00:00', 6, 'QUEDE'),
(15, 1575, '2000-05-01 00:00:00', 11, 'PICCO'),
(15, 1575, '2000-05-01 00:00:00', 11, 'QUEDE'),
(18, 1566, '2000-05-01 00:00:00', 16, 'PICCO'),
(65, 3250, '2000-05-01 00:00:00', 21, 'ERNSH'),
(150, 10500, '2000-05-01 00:00:00', 34, 'ERNSH'),
(4, 192, '2000-05-01 00:00:00', 41, 'QUEDE'),
(65, 7800, '2000-05-01 00:00:00', 55, 'ERNSH'),
(60, 16500, '2000-05-01 00:00:00', 59, 'HILAA'),
(66, 9438, '2000-05-01 00:00:00', 61, 'ERNSH'),
(30, 1890, '2000-05-01 00:00:00', 68, 'HILAA'),
(20, 1500, '2000-05-01 00:00:00', 70, 'QUICK'),
(2, 348, '2000-05-01 00:00:00', 72, 'THEBI'),
(36, 1404, '2000-05-01 00:00:00', 75, 'HILAA'),
(90, 8100, '2000-05-01 00:00:00', 76, 'QUICK'),
(50, 30950, '2000-05-02 00:00:00', 29, 'FOLKO'),
(35, 1680, '2000-05-02 00:00:00', 41, 'FOLKO'),
(15, 1455, '2000-05-02 00:00:00', 44, 'FURIB'),
(20, 5300, '2000-05-02 00:00:00', 51, 'PERIC'),
(18, 4950, '2000-05-02 00:00:00', 59, 'VAFFE'),
(4, 680, '2000-05-02 00:00:00', 60, 'PERIC'),
(7, 455, '2000-05-02 00:00:00', 77, 'FURIB'),
(12, 276, '2000-05-03 00:00:00', 24, 'WOLZA'),
(60, 4200, '2000-05-03 00:00:00', 25, 'BOTTM'),
(50, 8000, '2000-05-03 00:00:00', 32, 'LILAS'),
(20, 1400, '2000-05-03 00:00:00', 42, 'BOTTM'),
(40, 2800, '2000-05-03 00:00:00', 42, 'QUICK'),
(20, 1200, '2000-05-03 00:00:00', 46, 'LILAS'),
(20, 700, '2000-05-03 00:00:00', 52, 'LILAS'),
(7, 1001, '2000-05-03 00:00:00', 61, 'WOLZA'),
(15, 1575, '2000-05-03 00:00:00', 65, 'LAMAI'),
(10, 850, '2000-05-03 00:00:00', 66, 'LAMAI'),
(10, 1800, '2000-05-03 00:00:00', 69, 'LAMAI'),
(20, 1000, '2000-05-03 00:00:00', 74, 'WOLZA'),
(30, 1170, '2000-05-03 00:00:00', 75, 'WOLZA'),
(30, 5700, '2000-05-04 00:00:00', 56, 'COMMI'),
(10, 450, '2000-05-05 00:00:00', 23, 'LAUGB'),
(20, 1260, '2000-05-05 00:00:00', 31, 'TRADH'),
(20, 960, '2000-05-05 00:00:00', 41, 'LAUGB'),
(5, 325, '2000-05-05 00:00:00', 77, 'LAUGB'),
(25, 2750, '2000-05-06 00:00:00', 4, 'RATTC'),
(60, 9000, '2000-05-06 00:00:00', 7, 'FOLKO'),
(136, 4080, '2000-05-06 00:00:00', 13, 'SAVEA'),
(25, 2625, '2000-05-06 00:00:00', 22, 'FOLKO'),
(30, 690, '2000-05-06 00:00:00', 24, 'RATTC'),
(15, 1350, '2000-05-06 00:00:00', 35, 'SAVEA'),
(20, 960, '2000-05-06 00:00:00', 41, 'OTTIK'),
(24, 1680, '2000-05-06 00:00:00', 42, 'SAVEA'),
(25, 1500, '2000-05-06 00:00:00', 46, 'FOLKO'),
(15, 3975, '2000-05-06 00:00:00', 51, 'OTTIK'),
(6, 720, '2000-05-06 00:00:00', 55, 'FOLKO'),
(44, 5280, '2000-05-06 00:00:00', 55, 'SAVEA'),
(21, 1365, '2000-05-06 00:00:00', 77, 'OTTIK'),
(30, 1950, '2000-05-06 00:00:00', 77, 'RATTC'),
(4, 360, '2000-05-07 00:00:00', 1, 'THECR'),
(2, 180, '2000-05-07 00:00:00', 1, 'WILMK'),
(6, 936, '2000-05-07 00:00:00', 26, 'MAISD'),
(10, 920, '2000-05-07 00:00:00', 40, 'THECR'),
(10, 350, '2000-05-07 00:00:00', 52, 'THECR'),
(10, 2750, '2000-05-07 00:00:00', 59, 'WILMK'),
(6, 540, '2000-05-07 00:00:00', 76, 'MAISD'),
(8, 720, '2000-05-08 00:00:00', 1, 'GREAL'),
(30, 6000, '2000-05-08 00:00:00', 8, 'PRINI'),
(2, 1238, '2000-05-08 00:00:00', 29, 'GREAL'),
(10, 6190, '2000-05-08 00:00:00', 29, 'PRINI'),
(14, 980, '2000-05-08 00:00:00', 42, 'PRINI'),
(14, 2660, '2000-05-08 00:00:00', 56, 'LEHMS'),
(21, 2268, '2000-05-08 00:00:00', 71, 'ERNSH'),
(25, 4350, '2000-05-08 00:00:00', 72, 'LEHMS'),
(25, 1625, '2000-05-08 00:00:00', 77, 'LEHMS'),
(20, 3000, '2000-05-09 00:00:00', 7, 'REGGC'),
(50, 2300, '2000-05-09 00:00:00', 19, 'FRANK'),
(12, 276, '2000-05-09 00:00:00', 24, 'GODOS'),
(29, 667, '2000-05-09 00:00:00', 24, 'HILAA'),
(10, 230, '2000-05-09 00:00:00', 24, 'REGGC'),
(18, 1710, '2000-05-09 00:00:00', 36, 'GODOS'),
(5, 460, '2000-05-09 00:00:00', 40, 'HILAA'),
(30, 2100, '2000-05-09 00:00:00', 42, 'HILAA'),
(40, 2640, '2000-05-09 00:00:00', 58, 'ALFKI'),
(36, 6120, '2000-05-09 00:00:00', 60, 'FRANK'),
(9, 1530, '2000-05-09 00:00:00', 60, 'GODOS'),
(20, 2160, '2000-05-09 00:00:00', 71, 'ALFKI'),
(60, 6480, '2000-05-09 00:00:00', 71, 'FRANK'),
(12, 936, '2000-05-10 00:00:00', 15, 'LAMAI'),
(10, 450, '2000-05-10 00:00:00', 23, 'ROMEY'),
(8, 1824, '2000-05-10 00:00:00', 28, 'LAMAI'),
(20, 4560, '2000-05-10 00:00:00', 28, 'LILAS'),
(15, 1935, '2000-05-10 00:00:00', 30, 'SANTG'),
(28, 1344, '2000-05-10 00:00:00', 41, 'LINOD'),
(4, 280, '2000-05-10 00:00:00', 42, 'ROMEY'),
(20, 960, '2000-05-10 00:00:00', 45, 'ROMEY'),
(25, 2500, '2000-05-10 00:00:00', 49, 'LILAS'),
(2, 126, '2000-05-10 00:00:00', 68, 'ROMEY'),
(18, 1170, '2000-05-10 00:00:00', 77, 'SANTG'),
(20, 740, '2000-05-11 00:00:00', 54, 'BLAUS'),
(70, 8120, '2000-05-12 00:00:00', 14, 'HUNGO'),
(21, 1008, '2000-05-12 00:00:00', 45, 'PERIC'),
(6, 984, '2000-05-12 00:00:00', 53, 'PERIC'),
(20, 2100, '2000-05-12 00:00:00', 65, 'HUNGO'),
(30, 2100, '2000-05-12 00:00:00', 67, 'PERIC'),
(25, 1250, '2000-05-13 00:00:00', 3, 'ERNSH'),
(20, 3800, '2000-05-13 00:00:00', 12, 'LONEP'),
(10, 3130, '2000-05-13 00:00:00', 18, 'LONEP'),
(15, 945, '2000-05-13 00:00:00', 31, 'AROUT'),
(16, 1520, '2000-05-13 00:00:00', 36, 'AROUT'),
(5, 950, '2000-05-13 00:00:00', 56, 'LONEP'),
(110, 30250, '2000-05-13 00:00:00', 59, 'ERNSH'),
(30, 2250, '2000-05-13 00:00:00', 70, 'ERNSH'),
(24, 3720, '2000-05-14 00:00:00', 10, 'OTTIK'),
(35, 1610, '2000-05-14 00:00:00', 19, 'HANAR'),
(15, 6075, '2000-05-14 00:00:00', 20, 'QUICK'),
(63, 9828, '2000-05-14 00:00:00', 26, 'QUICK'),
(3, 180, '2000-05-14 00:00:00', 46, 'RANCH'),
(2, 200, '2000-05-14 00:00:00', 49, 'RANCH'),
(44, 11660, '2000-05-14 00:00:00', 51, 'QUICK'),
(30, 5400, '2000-05-14 00:00:00', 69, 'HANAR'),
(35, 6090, '2000-05-14 00:00:00', 72, 'QUICK'),
(10, 900, '2000-05-15 00:00:00', 1, 'WARTH'),
(12, 1140, '2000-05-15 00:00:00', 2, 'WHITC'),
(4, 600, '2000-05-15 00:00:00', 7, 'BSBEV'),
(20, 600, '2000-05-15 00:00:00', 13, 'WARTH'),
(12, 600, '2000-05-15 00:00:00', 21, 'WHITC'),
(12, 1872, '2000-05-15 00:00:00', 26, 'EASTC'),
(30, 390, '2000-05-15 00:00:00', 33, 'EASTC'),
(30, 6900, '2000-05-15 00:00:00', 43, 'BSBEV'),
(10, 1640, '2000-05-15 00:00:00', 53, 'WHITC'),
(25, 3575, '2000-05-15 00:00:00', 61, 'WHITC'),
(21, 2205, '2000-05-15 00:00:00', 65, 'EASTC'),
(50, 5400, '2000-05-15 00:00:00', 71, 'EASTC'),
(8, 2504, '2000-05-16 00:00:00', 18, 'FRANS'),
(30, 690, '2000-05-16 00:00:00', 24, 'BOTTM'),
(18, 1260, '2000-05-16 00:00:00', 25, 'KOENE'),
(10, 2650, '2000-05-16 00:00:00', 51, 'FRANS'),
(35, 4200, '2000-05-16 00:00:00', 55, 'KOENE'),
(24, 6600, '2000-05-16 00:00:00', 59, 'KOENE'),
(21, 5187, '2000-05-16 00:00:00', 62, 'BOTTM'),
(3, 741, '2000-05-16 00:00:00', 62, 'MEREP'),
(14, 1050, '2000-05-16 00:00:00', 70, 'KOENE'),
(45, 4050, '2000-05-17 00:00:00', 1, 'SAVEA'),
(100, 9500, '2000-05-17 00:00:00', 2, 'SAVEA'),
(70, 7490, '2000-05-17 00:00:00', 5, 'SAVEA'),
(21, 483, '2000-05-17 00:00:00', 24, 'SAVEA'),
(35, 3325, '2000-05-17 00:00:00', 36, 'WHITC'),
(25, 32950, '2000-05-17 00:00:00', 38, 'WHITC'),
(15, 3450, '2000-05-17 00:00:00', 43, 'ANTON'),
(15, 960, '2000-05-17 00:00:00', 48, 'ANTON'),
(100, 27500, '2000-05-17 00:00:00', 59, 'SAVEA'),
(30, 8250, '2000-05-17 00:00:00', 59, 'WHITC'),
(42, 9240, '2000-05-17 00:00:00', 63, 'CHOPS'),
(20, 3320, '2000-05-17 00:00:00', 64, 'SAVEA'),
(16, 1728, '2000-05-17 00:00:00', 71, 'SAVEA'),
(10, 300, '2000-05-18 00:00:00', 13, 'OTTIK'),
(10, 900, '2000-05-18 00:00:00', 39, 'OTTIK'),
(3, 684, '2000-05-19 00:00:00', 28, 'BLAUS'),
(96, 59424, '2000-05-19 00:00:00', 29, 'SAVEA'),
(36, 1404, '2000-05-19 00:00:00', 75, 'SAVEA'),
(10, 900, '2000-05-20 00:00:00', 1, 'SUPRD'),
(15, 750, '2000-05-20 00:00:00', 21, 'OLDWO'),
(60, 5400, '2000-05-20 00:00:00', 35, 'SUPRD'),
(30, 2100, '2000-05-20 00:00:00', 42, 'SUPRD'),
(12, 1164, '2000-05-20 00:00:00', 44, 'OLDWO'),
(70, 11480, '2000-05-20 00:00:00', 53, 'RICSU'),
(10, 370, '2000-05-20 00:00:00', 54, 'SUPRD'),
(6, 858, '2000-05-20 00:00:00', 61, 'OLDWO'),
(36, 6480, '2000-05-20 00:00:00', 69, 'RICSU'),
(7, 210, '2000-05-21 00:00:00', 13, 'DRACD'),
(5, 460, '2000-05-21 00:00:00', 40, 'SUPRD'),
(2, 70, '2000-05-21 00:00:00', 52, 'SUPRD'),
(30, 8250, '2000-05-21 00:00:00', 59, 'DRACD'),
(4, 300, '2000-05-21 00:00:00', 70, 'GODOS'),
(30, 3240, '2000-05-21 00:00:00', 71, 'SUPRD'),
(30, 2850, '2000-05-22 00:00:00', 2, 'CHOPS'),
(50, 5500, '2000-05-22 00:00:00', 4, 'BONAP'),
(50, 7500, '2000-05-22 00:00:00', 7, 'BONAP'),
(10, 2000, '2000-05-22 00:00:00', 8, 'BONAP'),
(20, 1000, '2000-05-22 00:00:00', 21, 'GREAL'),
(20, 4560, '2000-05-22 00:00:00', 28, 'LINOD'),
(24, 2160, '2000-05-22 00:00:00', 35, 'LINOD'),
(15, 1455, '2000-05-22 00:00:00', 44, 'COMMI'),
(60, 6000, '2000-05-22 00:00:00', 49, 'LINOD'),
(28, 2744, '2000-05-22 00:00:00', 57, 'LINOD'),
(4, 572, '2000-05-22 00:00:00', 61, 'COMMI'),
(10, 1050, '2000-05-23 00:00:00', 11, 'SPECD'),
(40, 2000, '2000-05-23 00:00:00', 21, 'WANDK'),
(10, 230, '2000-05-23 00:00:00', 24, 'FAMIA'),
(65, 10400, '2000-05-23 00:00:00', 32, 'WANDK'),
(15, 195, '2000-05-23 00:00:00', 33, 'BOTTM'),
(9, 540, '2000-05-23 00:00:00', 46, 'FAMIA'),
(6, 288, '2000-05-23 00:00:00', 47, 'FAMIA'),
(24, 6360, '2000-05-23 00:00:00', 51, 'BOTTM'),
(12, 2040, '2000-05-23 00:00:00', 60, 'FAMIA'),
(15, 2145, '2000-05-23 00:00:00', 61, 'WANDK'),
(12, 2964, '2000-05-23 00:00:00', 62, 'WOLZA'),
(25, 2250, '2000-05-24 00:00:00', 1, 'EASTC'),
(30, 3210, '2000-05-24 00:00:00', 5, 'EASTC'),
(20, 3800, '2000-05-24 00:00:00', 12, 'WANDK'),
(39, 15795, '2000-05-24 00:00:00', 20, 'ERNSH'),
(105, 23940, '2000-05-24 00:00:00', 28, 'ERNSH'),
(18, 1620, '2000-05-24 00:00:00', 35, 'WANDK'),
(70, 13300, '2000-05-24 00:00:00', 56, 'ERNSH'),
(39, 4095, '2000-05-24 00:00:00', 65, 'ERNSH'),
(42, 2646, '2000-05-24 00:00:00', 68, 'BOTTM'),
(50, 1950, '2000-05-24 00:00:00', 75, 'ERNSH'),
(16, 7760, '2000-05-25 00:00:00', 9, 'QUICK'),
(50, 4350, '2000-05-25 00:00:00', 16, 'QUICK'),
(25, 7825, '2000-05-25 00:00:00', 18, 'HUNGO'),
(120, 26400, '2000-05-25 00:00:00', 27, 'QUICK'),
(16, 208, '2000-05-25 00:00:00', 33, 'QUICK'),
(110, 5280, '2000-05-25 00:00:00', 41, 'HUNGO'),
(20, 1400, '2000-05-25 00:00:00', 42, 'HUNGO'),
(84, 14280, '2000-05-25 00:00:00', 60, 'QUICK'),
(6, 210, '2000-05-26 00:00:00', 52, 'NORTS'),
(4, 1100, '2000-05-26 00:00:00', 59, 'NORTS'),
(9, 675, '2000-05-26 00:00:00', 70, 'NORTS'),
(10, 950, '2000-05-27 00:00:00', 2, 'GOURL'),
(4, 760, '2000-05-27 00:00:00', 12, 'GOURL'),
(10, 230, '2000-05-27 00:00:00', 24, 'LAMAI'),
(30, 6900, '2000-05-27 00:00:00', 43, 'HANAR'),
(10, 1430, '2000-05-27 00:00:00', 61, 'HANAR'),
(50, 4500, '2000-05-27 00:00:00', 76, 'FOLKO'),
(35, 10955, '2000-05-28 00:00:00', 18, 'PICCO'),
(15, 1050, '2000-05-28 00:00:00', 25, 'HILAA'),
(20, 3200, '2000-05-28 00:00:00', 32, 'PICCO'),
(10, 130, '2000-05-28 00:00:00', 33, 'CACTU'),
(20, 5300, '2000-05-28 00:00:00', 51, 'HILAA'),
(20, 1960, '2000-05-28 00:00:00', 57, 'HILAA'),
(25, 4150, '2000-05-28 00:00:00', 64, 'PICCO'),
(20, 1400, '2000-05-28 00:00:00', 67, 'CACTU'),
(40, 6000, '2000-05-29 00:00:00', 7, 'EASTC'),
(3, 150, '2000-05-29 00:00:00', 21, 'BLAUS'),
(5, 115, '2000-05-29 00:00:00', 24, 'TORTU'),
(15, 19770, '2000-05-29 00:00:00', 38, 'TORTU'),
(9, 873, '2000-05-29 00:00:00', 44, 'TORTU'),
(35, 4200, '2000-05-29 00:00:00', 55, 'EASTC');
INSERT INTO `ventes` (`QuantiteVentes`, `MontantVentes`, `Temps_jours`, `Produits_idProduits`, `Clients_idClients`) VALUES
(21, 3570, '2000-05-29 00:00:00', 60, 'BLAUS'),
(50, 8500, '2000-05-29 00:00:00', 60, 'EASTC'),
(4, 572, '2000-05-29 00:00:00', 61, 'BLAUS'),
(16, 2480, '2000-05-30 00:00:00', 10, 'CHOPS'),
(30, 900, '2000-05-30 00:00:00', 13, 'RICAR'),
(12, 2340, '2000-05-30 00:00:00', 17, 'RICAR'),
(8, 184, '2000-05-30 00:00:00', 24, 'SANTG'),
(10, 1640, '2000-05-30 00:00:00', 53, 'REGGC'),
(5, 820, '2000-05-30 00:00:00', 53, 'SANTG'),
(60, 11400, '2000-05-30 00:00:00', 56, 'CHOPS'),
(10, 1700, '2000-05-30 00:00:00', 60, 'CHOPS'),
(4, 680, '2000-05-30 00:00:00', 60, 'FRANS'),
(15, 2550, '2000-05-30 00:00:00', 60, 'GREAL'),
(35, 5950, '2000-05-30 00:00:00', 60, 'RICAR'),
(12, 900, '2000-05-30 00:00:00', 70, 'REGGC'),
(10, 650, '2000-05-30 00:00:00', 77, 'FRANS'),
(77, 15015, '2000-05-31 00:00:00', 17, 'SAVEA'),
(4, 516, '2000-05-31 00:00:00', 30, 'LILAS'),
(30, 2100, '2000-05-31 00:00:00', 34, 'HUNGO'),
(3, 270, '2000-05-31 00:00:00', 35, 'CACTU'),
(40, 3680, '2000-05-31 00:00:00', 40, 'HUNGO'),
(10, 480, '2000-05-31 00:00:00', 41, 'CACTU'),
(12, 576, '2000-05-31 00:00:00', 41, 'SAVEA'),
(25, 4100, '2000-05-31 00:00:00', 53, 'SAVEA'),
(20, 740, '2000-05-31 00:00:00', 54, 'LILAS'),
(6, 378, '2000-05-31 00:00:00', 68, 'CACTU'),
(55, 3465, '2000-05-31 00:00:00', 68, 'SAVEA'),
(80, 7200, '2000-06-01 00:00:00', 1, 'LEHMS'),
(24, 4800, '2000-06-01 00:00:00', 8, 'LEHMS'),
(25, 4875, '2000-06-01 00:00:00', 17, 'SEVES'),
(15, 6075, '2000-06-01 00:00:00', 20, 'SEVES'),
(30, 3870, '2000-06-01 00:00:00', 30, 'LEHMS'),
(18, 2340, '2000-06-01 00:00:00', 37, 'SEVES'),
(35, 3220, '2000-06-01 00:00:00', 40, 'LEHMS'),
(6, 288, '2000-06-01 00:00:00', 41, 'SEVES'),
(2, 310, '2000-06-02 00:00:00', 10, 'BERGS'),
(10, 1290, '2000-06-02 00:00:00', 30, 'BERGS'),
(60, 13800, '2000-06-02 00:00:00', 43, 'BERGS'),
(15, 555, '2000-06-02 00:00:00', 54, 'BERGS'),
(3, 261, '2000-06-03 00:00:00', 16, 'WHITC'),
(42, 1932, '2000-06-03 00:00:00', 19, 'WHITC'),
(8, 1824, '2000-06-03 00:00:00', 28, 'QUEEN'),
(35, 2450, '2000-06-03 00:00:00', 34, 'WHITC'),
(9, 432, '2000-06-03 00:00:00', 41, 'DRACD'),
(36, 8280, '2000-06-03 00:00:00', 43, 'QUEEN'),
(28, 1820, '2000-06-03 00:00:00', 77, 'QUEEN'),
(8, 760, '2000-06-04 00:00:00', 2, 'ERNSH'),
(20, 1900, '2000-06-04 00:00:00', 2, 'LEHMS'),
(15, 2250, '2000-06-04 00:00:00', 7, 'LILAS'),
(10, 300, '2000-06-04 00:00:00', 13, 'LILAS'),
(30, 2610, '2000-06-04 00:00:00', 16, 'LEHMS'),
(20, 1800, '2000-06-04 00:00:00', 39, 'TORTU'),
(40, 1920, '2000-06-04 00:00:00', 41, 'ERNSH'),
(22, 1782, '2000-06-04 00:00:00', 50, 'ERNSH'),
(130, 21580, '2000-06-04 00:00:00', 64, 'ERNSH'),
(8, 720, '2000-06-05 00:00:00', 1, 'WARTH'),
(10, 950, '2000-06-05 00:00:00', 2, 'RICSU'),
(20, 2500, '2000-06-05 00:00:00', 6, 'BONAP'),
(10, 1050, '2000-06-05 00:00:00', 11, 'PERIC'),
(10, 300, '2000-06-05 00:00:00', 13, 'WARTH'),
(20, 2320, '2000-06-05 00:00:00', 14, 'BONAP'),
(14, 1218, '2000-06-05 00:00:00', 16, 'SIMOB'),
(10, 460, '2000-06-05 00:00:00', 19, 'BONAP'),
(20, 460, '2000-06-05 00:00:00', 24, 'PERIC'),
(30, 2850, '2000-06-05 00:00:00', 36, 'BONAP'),
(15, 1380, '2000-06-05 00:00:00', 40, 'BONAP'),
(30, 1800, '2000-06-05 00:00:00', 46, 'RICSU'),
(30, 5700, '2000-06-05 00:00:00', 56, 'WARTH'),
(2, 180, '2000-06-05 00:00:00', 76, 'RICSU'),
(50, 5500, '2000-06-06 00:00:00', 4, 'QUICK'),
(30, 2850, '2000-06-06 00:00:00', 36, 'QUICK'),
(3, 315, '2000-06-07 00:00:00', 11, 'GREAL'),
(8, 104, '2000-06-07 00:00:00', 33, 'GREAL'),
(9, 1566, '2000-06-07 00:00:00', 72, 'GREAL'),
(40, 7800, '2000-06-08 00:00:00', 17, 'PICCO'),
(25, 5750, '2000-06-08 00:00:00', 43, 'PICCO'),
(14, 1680, '2000-06-08 00:00:00', 55, 'MAISD'),
(20, 2860, '2000-06-08 00:00:00', 61, 'PICCO'),
(20, 1260, '2000-06-08 00:00:00', 68, 'MAISD'),
(10, 1800, '2000-06-08 00:00:00', 69, 'MAISD'),
(50, 4500, '2000-06-08 00:00:00', 76, 'PICCO'),
(2, 550, '2000-06-09 00:00:00', 59, 'OCEAN'),
(50, 5500, '2000-06-12 00:00:00', 4, 'FOLKO'),
(15, 1935, '2000-06-12 00:00:00', 30, 'EASTC'),
(24, 2040, '2000-06-12 00:00:00', 66, 'EASTC'),
(24, 4176, '2000-06-12 00:00:00', 72, 'FOLKO'),
(24, 1800, '2000-06-12 00:00:00', 73, 'FOLKO'),
(10, 370, '2000-06-13 00:00:00', 54, 'LEHMS'),
(50, 5250, '2000-06-14 00:00:00', 11, 'ANTON'),
(15, 2850, '2000-06-14 00:00:00', 12, 'LEHMS'),
(40, 2520, '2000-06-14 00:00:00', 31, 'LEHMS'),
(30, 390, '2000-06-14 00:00:00', 33, 'LEHMS'),
(10, 920, '2000-06-14 00:00:00', 40, 'ANTON'),
(5, 490, '2000-06-14 00:00:00', 57, 'ANTON'),
(15, 4125, '2000-06-14 00:00:00', 59, 'ANTON'),
(35, 5950, '2000-06-14 00:00:00', 60, 'LEHMS'),
(30, 1890, '2000-06-15 00:00:00', 31, 'RICSU'),
(6, 1590, '2000-06-15 00:00:00', 51, 'RICSU'),
(20, 1320, '2000-06-15 00:00:00', 58, 'RICSU'),
(21, 3654, '2000-06-15 00:00:00', 72, 'RICSU'),
(9, 675, '2000-06-15 00:00:00', 73, 'RICSU'),
(7, 525, '2000-06-16 00:00:00', 70, 'BSBEV'),
(1, 174, '2000-06-16 00:00:00', 72, 'BSBEV'),
(60, 3000, '2000-06-19 00:00:00', 3, 'QUICK'),
(8, 240, '2000-06-19 00:00:00', 13, 'BSBEV'),
(15, 750, '2000-06-19 00:00:00', 21, 'BSBEV'),
(40, 6240, '2000-06-19 00:00:00', 26, 'QUICK'),
(15, 195, '2000-06-19 00:00:00', 33, 'BSBEV'),
(30, 39540, '2000-06-19 00:00:00', 38, 'QUICK'),
(6, 600, '2000-06-19 00:00:00', 49, 'BSBEV'),
(35, 2205, '2000-06-19 00:00:00', 68, 'QUICK'),
(35, 805, '2000-06-20 00:00:00', 24, 'HANAR'),
(4, 5272, '2000-06-20 00:00:00', 38, 'HANAR'),
(36, 3780, '2000-06-20 00:00:00', 65, 'HANAR'),
(9, 972, '2000-06-20 00:00:00', 71, 'HANAR'),
(15, 1575, '2000-06-21 00:00:00', 11, 'KOENE'),
(30, 5700, '2000-06-21 00:00:00', 12, 'LILAS'),
(70, 3150, '2000-06-21 00:00:00', 23, 'LILAS'),
(24, 888, '2000-06-21 00:00:00', 54, 'KOENE'),
(7, 1596, '2000-06-22 00:00:00', 28, 'LONEP'),
(7, 490, '2000-06-22 00:00:00', 67, 'LONEP'),
(10, 1500, '2000-06-23 00:00:00', 7, 'VICTE'),
(10, 1050, '2000-06-23 00:00:00', 11, 'LAZYK'),
(30, 2700, '2000-06-23 00:00:00', 35, 'VICTE'),
(40, 9880, '2000-06-23 00:00:00', 62, 'VICTE'),
(24, 3840, '2000-06-26 00:00:00', 32, 'SEVES'),
(60, 5700, '2000-06-26 00:00:00', 36, 'SEVES'),
(10, 700, '2000-06-27 00:00:00', 34, 'TOMSP'),
(14, 672, '2000-06-27 00:00:00', 41, 'TOMSP'),
(8, 1560, '2000-06-28 00:00:00', 17, 'GODOS'),
(10, 460, '2000-06-28 00:00:00', 19, 'GODOS'),
(6, 300, '2000-06-28 00:00:00', 21, 'GODOS'),
(55, 3465, '2000-06-28 00:00:00', 31, 'QUICK'),
(100, 4800, '2000-06-28 00:00:00', 45, 'QUICK'),
(48, 12720, '2000-06-28 00:00:00', 51, 'QUICK'),
(10, 1430, '2000-06-28 00:00:00', 61, 'GODOS'),
(40, 3480, '2000-06-29 00:00:00', 16, 'FURIB'),
(20, 1800, '2000-06-29 00:00:00', 35, 'FURIB'),
(40, 3880, '2000-06-29 00:00:00', 44, 'FURIB'),
(15, 1575, '2000-06-30 00:00:00', 11, 'WARTH'),
(14, 1218, '2000-06-30 00:00:00', 16, 'WARTH'),
(24, 2520, '2000-06-30 00:00:00', 22, 'WARTH'),
(30, 1890, '2000-06-30 00:00:00', 31, 'WARTH'),
(6, 540, '2000-06-30 00:00:00', 35, 'WARTH'),
(18, 3240, '2000-06-30 00:00:00', 69, 'HILAA'),
(30, 1170, '2000-06-30 00:00:00', 75, 'HILAA'),
(24, 2280, '2000-07-03 00:00:00', 2, 'RATTC'),
(4, 200, '2000-07-03 00:00:00', 3, 'RATTC'),
(1, 110, '2000-07-03 00:00:00', 4, 'RATTC'),
(1, 125, '2000-07-03 00:00:00', 6, 'RATTC'),
(1, 150, '2000-07-03 00:00:00', 7, 'RATTC'),
(2, 400, '2000-07-03 00:00:00', 8, 'RATTC'),
(1, 155, '2000-07-03 00:00:00', 10, 'RATTC'),
(2, 380, '2000-07-03 00:00:00', 12, 'RATTC'),
(4, 120, '2000-07-03 00:00:00', 13, 'RATTC'),
(1, 116, '2000-07-03 00:00:00', 14, 'RATTC'),
(30, 2610, '2000-07-03 00:00:00', 16, 'OTTIK'),
(2, 174, '2000-07-03 00:00:00', 16, 'RATTC'),
(1, 405, '2000-07-03 00:00:00', 20, 'RATTC'),
(20, 900, '2000-07-03 00:00:00', 23, 'OTTIK'),
(2, 90, '2000-07-03 00:00:00', 23, 'RATTC'),
(1, 160, '2000-07-03 00:00:00', 32, 'RATTC'),
(2, 180, '2000-07-03 00:00:00', 39, 'RATTC'),
(3, 144, '2000-07-03 00:00:00', 41, 'RATTC'),
(3, 180, '2000-07-03 00:00:00', 46, 'RATTC'),
(2, 70, '2000-07-03 00:00:00', 52, 'RATTC'),
(2, 340, '2000-07-03 00:00:00', 60, 'RATTC'),
(20, 4940, '2000-07-03 00:00:00', 62, 'OTTIK'),
(2, 332, '2000-07-03 00:00:00', 64, 'RATTC'),
(1, 85, '2000-07-03 00:00:00', 66, 'RATTC'),
(2, 150, '2000-07-03 00:00:00', 73, 'RATTC'),
(4, 156, '2000-07-03 00:00:00', 75, 'RATTC'),
(10, 650, '2000-07-03 00:00:00', 77, 'OTTIK'),
(2, 130, '2000-07-03 00:00:00', 77, 'RATTC'),
(30, 3480, '2000-07-04 00:00:00', 14, 'SAVEA'),
(35, 1610, '2000-07-04 00:00:00', 19, 'SAVEA'),
(18, 414, '2000-07-04 00:00:00', 24, 'SAVEA'),
(20, 5300, '2000-07-04 00:00:00', 51, 'SAVEA'),
(40, 7600, '2000-07-04 00:00:00', 56, 'SAVEA'),
(24, 4176, '2000-07-04 00:00:00', 72, 'SIMOB'),
(30, 4980, '2000-07-05 00:00:00', 64, 'LEHMS'),
(20, 780, '2000-07-05 00:00:00', 75, 'LEHMS'),
(25, 1200, '2000-07-06 00:00:00', 47, 'AROUT'),
(20, 5300, '2000-07-06 00:00:00', 51, 'AROUT'),
(30, 1050, '2000-07-06 00:00:00', 52, 'AROUT'),
(18, 2952, '2000-07-06 00:00:00', 53, 'AROUT'),
(3, 225, '2000-07-06 00:00:00', 73, 'AROUT'),
(20, 2580, '2000-07-07 00:00:00', 30, 'FRANK'),
(12, 576, '2000-07-07 00:00:00', 41, 'BLONP'),
(18, 2160, '2000-07-07 00:00:00', 55, 'BLONP'),
(15, 3705, '2000-07-07 00:00:00', 62, 'FRANK'),
(10, 970, '2000-07-10 00:00:00', 44, 'FOLKO'),
(50, 13250, '2000-07-10 00:00:00', 51, 'FOLKO'),
(20, 260, '2000-07-11 00:00:00', 33, 'REGGC'),
(25, 2375, '2000-07-11 00:00:00', 36, 'RICAR'),
(70, 2450, '2000-07-11 00:00:00', 52, 'RICAR'),
(10, 2470, '2000-07-11 00:00:00', 62, 'REGGC'),
(16, 3120, '2000-07-12 00:00:00', 17, 'RATTC'),
(41, 2583, '2000-07-12 00:00:00', 31, 'RATTC'),
(27, 3240, '2000-07-12 00:00:00', 55, 'RATTC'),
(35, 3675, '2000-07-13 00:00:00', 11, 'BLONP'),
(18, 5634, '2000-07-13 00:00:00', 18, 'BLONP'),
(25, 575, '2000-07-13 00:00:00', 24, 'MEREP'),
(18, 2988, '2000-07-13 00:00:00', 64, 'MEREP'),
(10, 900, '2000-07-13 00:00:00', 76, 'BLONP'),
(60, 3780, '2000-07-14 00:00:00', 31, 'HUNGO'),
(3, 795, '2000-07-14 00:00:00', 51, 'HUNGO'),
(40, 11000, '2000-07-14 00:00:00', 59, 'HUNGO'),
(5, 775, '2000-07-17 00:00:00', 10, 'GALED'),
(15, 1575, '2000-07-18 00:00:00', 11, 'MEREP'),
(60, 11400, '2000-07-18 00:00:00', 56, 'MEREP'),
(30, 2700, '2000-07-18 00:00:00', 76, 'RATTC'),
(11, 1276, '2000-07-19 00:00:00', 14, 'ERNSH'),
(28, 1960, '2000-07-19 00:00:00', 42, 'ERNSH'),
(12, 1044, '2000-07-20 00:00:00', 16, 'BERGS'),
(18, 3510, '2000-07-20 00:00:00', 17, 'ANTON'),
(10, 1600, '2000-07-20 00:00:00', 32, 'BERGS'),
(40, 2800, '2000-07-20 00:00:00', 34, 'ANTON'),
(50, 4600, '2000-07-20 00:00:00', 40, 'BERGS'),
(25, 4100, '2000-07-20 00:00:00', 53, 'ANTON'),
(15, 585, '2000-07-20 00:00:00', 75, 'BERGS'),
(14, 182, '2000-07-21 00:00:00', 33, 'TRAIH'),
(2, 184, '2000-07-21 00:00:00', 40, 'TRAIH'),
(10, 2470, '2000-07-21 00:00:00', 62, 'TRAIH'),
(6, 996, '2000-07-21 00:00:00', 64, 'TRAIH'),
(10, 900, '2000-07-24 00:00:00', 1, 'TORTU'),
(20, 1260, '2000-07-24 00:00:00', 31, 'TORTU'),
(21, 2037, '2000-07-24 00:00:00', 44, 'TORTU'),
(12, 3300, '2000-07-24 00:00:00', 59, 'MORGK'),
(6, 1320, '2000-07-24 00:00:00', 63, 'MORGK'),
(30, 5220, '2000-07-24 00:00:00', 72, 'MORGK'),
(10, 900, '2000-07-24 00:00:00', 76, 'MORGK'),
(10, 900, '2000-07-25 00:00:00', 39, 'TRAIH'),
(20, 780, '2000-07-25 00:00:00', 75, 'TRAIH'),
(18, 1170, '2000-07-25 00:00:00', 77, 'TRAIH'),
(20, 1800, '2000-07-26 00:00:00', 35, 'BSBEV'),
(6, 588, '2000-07-26 00:00:00', 57, 'BSBEV'),
(15, 1740, '2000-07-27 00:00:00', 14, 'OTTIK'),
(10, 780, '2000-07-27 00:00:00', 15, 'LETSS'),
(9, 432, '2000-07-27 00:00:00', 41, 'OTTIK'),
(30, 3150, '2000-07-27 00:00:00', 65, 'OTTIK'),
(21, 819, '2000-07-27 00:00:00', 75, 'LETSS'),
(50, 1950, '2000-07-28 00:00:00', 75, 'FAMIA'),
(10, 6190, '2000-07-31 00:00:00', 29, 'WARTH'),
(4, 392, '2000-07-31 00:00:00', 57, 'BLAUS'),
(24, 4080, '2000-07-31 00:00:00', 60, 'WARTH'),
(10, 1800, '2000-07-31 00:00:00', 69, 'WARTH'),
(14, 1260, '2000-07-31 00:00:00', 76, 'BLAUS'),
(50, 3150, '2000-08-01 00:00:00', 31, 'BLONP'),
(15, 720, '2000-08-02 00:00:00', 47, 'WELLI'),
(4, 140, '2000-08-02 00:00:00', 52, 'REGGC'),
(6, 936, '2000-08-03 00:00:00', 26, 'QUEDE'),
(20, 1300, '2000-08-03 00:00:00', 77, 'QUEDE'),
(12, 1260, '2000-08-04 00:00:00', 11, 'VINET'),
(40, 12520, '2000-08-04 00:00:00', 18, 'QUICK'),
(100, 7000, '2000-08-04 00:00:00', 42, 'QUICK'),
(10, 700, '2000-08-04 00:00:00', 42, 'VINET'),
(5, 870, '2000-08-04 00:00:00', 72, 'VINET'),
(20, 1800, '2000-08-07 00:00:00', 1, 'MEREP'),
(4, 360, '2000-08-07 00:00:00', 35, 'GREAL'),
(60, 3900, '2000-08-07 00:00:00', 77, 'MEREP'),
(14, 700, '2000-08-08 00:00:00', 3, 'VAFFE'),
(10, 1500, '2000-08-08 00:00:00', 7, 'VAFFE'),
(9, 1044, '2000-08-08 00:00:00', 14, 'TOMSP'),
(10, 480, '2000-08-08 00:00:00', 41, 'HANAR'),
(35, 9275, '2000-08-08 00:00:00', 51, 'HANAR'),
(40, 10600, '2000-08-08 00:00:00', 51, 'TOMSP'),
(50, 1850, '2000-08-08 00:00:00', 54, 'VAFFE'),
(15, 1575, '2000-08-08 00:00:00', 65, 'HANAR'),
(25, 1950, '2000-08-09 00:00:00', 15, 'LEHMS'),
(21, 8505, '2000-08-09 00:00:00', 20, 'LEHMS'),
(6, 630, '2000-08-09 00:00:00', 22, 'VICTE'),
(5, 780, '2000-08-09 00:00:00', 26, 'LEHMS'),
(15, 1470, '2000-08-09 00:00:00', 57, 'VICTE'),
(20, 2100, '2000-08-09 00:00:00', 65, 'VICTE'),
(20, 3600, '2000-08-09 00:00:00', 69, 'LEHMS'),
(4, 360, '2000-08-09 00:00:00', 76, 'LEHMS'),
(40, 16200, '2000-08-10 00:00:00', 20, 'SUPRD'),
(25, 325, '2000-08-10 00:00:00', 33, 'SUPRD'),
(24, 840, '2000-08-10 00:00:00', 52, 'OLDWO'),
(30, 1980, '2000-08-10 00:00:00', 58, 'OLDWO'),
(40, 6800, '2000-08-10 00:00:00', 60, 'SUPRD'),
(20, 1260, '2000-08-11 00:00:00', 31, 'HANAR'),
(30, 2700, '2000-08-11 00:00:00', 35, 'ERNSH'),
(42, 3780, '2000-08-11 00:00:00', 39, 'HANAR'),
(40, 4000, '2000-08-11 00:00:00', 49, 'HANAR'),
(5, 950, '2000-08-11 00:00:00', 56, 'WHITC'),
(120, 17160, '2000-08-11 00:00:00', 61, 'ERNSH'),
(24, 5280, '2000-08-11 00:00:00', 63, 'WHITC'),
(65, 11700, '2000-08-11 00:00:00', 69, 'ERNSH'),
(30, 1170, '2000-08-11 00:00:00', 75, 'WHITC'),
(15, 345, '2000-08-12 00:00:00', 24, 'CHOPS'),
(21, 2520, '2000-08-12 00:00:00', 55, 'CHOPS'),
(21, 1050, '2000-08-12 00:00:00', 74, 'CHOPS'),
(35, 805, '2000-08-14 00:00:00', 24, 'PICCO'),
(20, 1960, '2000-08-14 00:00:00', 57, 'PICCO'),
(12, 1260, '2000-08-14 00:00:00', 65, 'PICCO'),
(20, 1900, '2000-08-15 00:00:00', 2, 'RICSU'),
(35, 3045, '2000-08-15 00:00:00', 16, 'RICSU'),
(50, 11000, '2000-08-15 00:00:00', 27, 'RATTC'),
(25, 2375, '2000-08-15 00:00:00', 36, 'RICSU'),
(30, 8250, '2000-08-15 00:00:00', 59, 'RICSU'),
(9, 972, '2000-08-15 00:00:00', 71, 'RATTC'),
(15, 2460, '2000-08-16 00:00:00', 53, 'WELLI'),
(4, 148, '2000-08-16 00:00:00', 54, 'HUNGC'),
(10, 2470, '2000-08-16 00:00:00', 62, 'BSBEV'),
(30, 2250, '2000-08-16 00:00:00', 73, 'HUNGC'),
(12, 780, '2000-08-16 00:00:00', 77, 'WELLI'),
(68, 2040, '2000-08-17 00:00:00', 13, 'HILAA'),
(25, 5500, '2000-08-17 00:00:00', 27, 'HILAA'),
(6, 540, '2000-08-17 00:00:00', 39, 'HILAA'),
(35, 9625, '2000-08-17 00:00:00', 59, 'HILAA'),
(15, 975, '2000-08-17 00:00:00', 77, 'HILAA'),
(50, 4750, '2000-08-18 00:00:00', 2, 'ERNSH'),
(65, 6955, '2000-08-18 00:00:00', 5, 'ERNSH'),
(48, 5040, '2000-08-18 00:00:00', 22, 'SAVEA'),
(6, 960, '2000-08-18 00:00:00', 32, 'ERNSH'),
(43, 4300, '2000-08-18 00:00:00', 49, 'SAVEA'),
(5, 325, '2000-08-18 00:00:00', 77, 'VAFFE'),
(10, 500, '2000-08-19 00:00:00', 21, 'CENTC'),
(1, 130, '2000-08-19 00:00:00', 37, 'CENTC'),
(16, 768, '2000-08-19 00:00:00', 41, 'OTTIK'),
(50, 4900, '2000-08-19 00:00:00', 57, 'OTTIK'),
(15, 3705, '2000-08-19 00:00:00', 62, 'OTTIK'),
(21, 1575, '2000-08-19 00:00:00', 70, 'OTTIK'),
(6, 384, '2000-08-21 00:00:00', 48, 'FURIB'),
(10, 900, '2000-08-21 00:00:00', 76, 'FURIB'),
(20, 2200, '2000-08-22 00:00:00', 4, 'TRADH'),
(30, 2610, '2000-08-22 00:00:00', 16, 'MEREP'),
(20, 1000, '2000-08-22 00:00:00', 21, 'QUEDE'),
(40, 3600, '2000-08-22 00:00:00', 35, 'QUEDE'),
(20, 2400, '2000-08-22 00:00:00', 55, 'TRADH'),
(20, 5500, '2000-08-22 00:00:00', 59, 'MEREP'),
(70, 11900, '2000-08-22 00:00:00', 60, 'MEREP'),
(10, 2470, '2000-08-22 00:00:00', 62, 'TRADH'),
(15, 1620, '2000-08-22 00:00:00', 71, 'MEREP'),
(12, 1284, '2000-08-23 00:00:00', 5, 'RATTC'),
(15, 2250, '2000-08-23 00:00:00', 7, 'RATTC'),
(45, 6750, '2000-08-23 00:00:00', 7, 'SAVEA'),
(100, 19500, '2000-08-23 00:00:00', 17, 'SAVEA'),
(14, 182, '2000-08-23 00:00:00', 33, 'SAVEA'),
(42, 3864, '2000-08-23 00:00:00', 40, 'SAVEA'),
(2, 380, '2000-08-23 00:00:00', 56, 'RATTC'),
(12, 2088, '2000-08-23 00:00:00', 72, 'SAVEA'),
(60, 5220, '2000-08-24 00:00:00', 16, 'ERNSH'),
(28, 644, '2000-08-24 00:00:00', 24, 'ERNSH'),
(60, 7740, '2000-08-24 00:00:00', 30, 'ERNSH'),
(28, 5320, '2000-08-24 00:00:00', 56, 'TOMSP'),
(36, 1800, '2000-08-24 00:00:00', 74, 'ERNSH'),
(3, 270, '2000-08-25 00:00:00', 1, 'DUMON'),
(35, 3325, '2000-08-25 00:00:00', 2, 'FOLKO'),
(10, 1550, '2000-08-25 00:00:00', 10, 'DUMON'),
(6, 300, '2000-08-25 00:00:00', 21, 'DUMON'),
(21, 1995, '2000-08-25 00:00:00', 36, 'LAMAI'),
(25, 1200, '2000-08-25 00:00:00', 41, 'FOLKO'),
(30, 5850, '2000-08-26 00:00:00', 17, 'BLONP'),
(20, 1500, '2000-08-26 00:00:00', 70, 'BLONP'),
(6, 540, '2000-08-28 00:00:00', 1, 'WOLZA'),
(10, 950, '2000-08-28 00:00:00', 2, 'WOLZA'),
(15, 2550, '2000-08-28 00:00:00', 60, 'WOLZA'),
(70, 10850, '2000-08-29 00:00:00', 10, 'SAVEA'),
(12, 2280, '2000-08-29 00:00:00', 12, 'WARTH'),
(55, 5225, '2000-08-29 00:00:00', 36, 'SAVEA'),
(40, 6800, '2000-08-29 00:00:00', 60, 'SAVEA'),
(40, 1560, '2000-08-29 00:00:00', 75, 'HILAA'),
(80, 7200, '2000-08-29 00:00:00', 76, 'SAVEA'),
(14, 1470, '2000-08-30 00:00:00', 11, 'BLAUS'),
(8, 400, '2000-08-30 00:00:00', 21, 'BLAUS'),
(5, 450, '2000-08-30 00:00:00', 39, 'BLAUS'),
(50, 4600, '2000-08-30 00:00:00', 40, 'FRANK'),
(70, 19250, '2000-08-30 00:00:00', 59, 'FRANK'),
(15, 1350, '2000-08-30 00:00:00', 76, 'FRANK'),
(10, 6190, '2000-08-31 00:00:00', 29, 'GROSR'),
(15, 19770, '2000-08-31 00:00:00', 38, 'GREAL'),
(5, 600, '2000-08-31 00:00:00', 55, 'WILMK'),
(14, 2660, '2000-08-31 00:00:00', 56, 'GREAL'),
(15, 1125, '2000-08-31 00:00:00', 70, 'GREAL'),
(15, 1620, '2000-08-31 00:00:00', 71, 'GREAL'),
(4, 696, '2000-08-31 00:00:00', 72, 'GROSR'),
(60, 780, '2000-09-01 00:00:00', 33, 'WHITC'),
(30, 2850, '2000-09-01 00:00:00', 36, 'WARTH'),
(25, 5750, '2000-09-01 00:00:00', 43, 'WARTH'),
(30, 8250, '2000-09-01 00:00:00', 59, 'GREAL'),
(20, 3480, '2000-09-01 00:00:00', 72, 'WHITC'),
(24, 312, '2000-09-02 00:00:00', 33, 'SPLIR'),
(70, 8750, '2000-09-04 00:00:00', 6, 'MEREP'),
(20, 3800, '2000-09-04 00:00:00', 56, 'MEREP'),
(15, 945, '2000-09-04 00:00:00', 68, 'MEREP'),
(6, 2430, '2000-09-05 00:00:00', 20, 'RATTC'),
(42, 2100, '2000-09-05 00:00:00', 21, 'MEREP'),
(40, 4200, '2000-09-05 00:00:00', 22, 'MEREP'),
(5, 115, '2000-09-05 00:00:00', 24, 'LAUGB'),
(40, 2520, '2000-09-05 00:00:00', 31, 'RATTC'),
(5, 175, '2000-09-05 00:00:00', 52, 'LAUGB'),
(24, 4176, '2000-09-05 00:00:00', 72, 'RATTC'),
(24, 3720, '2000-09-06 00:00:00', 10, 'QUICK'),
(5, 230, '2000-09-06 00:00:00', 19, 'ISLAT'),
(10, 450, '2000-09-06 00:00:00', 23, 'ISLAT'),
(15, 945, '2000-09-06 00:00:00', 31, 'QUICK'),
(20, 260, '2000-09-06 00:00:00', 33, 'QUICK'),
(100, 9200, '2000-09-06 00:00:00', 40, 'QUICK'),
(20, 1500, '2000-09-06 00:00:00', 70, 'ISLAT'),
(15, 1620, '2000-09-06 00:00:00', 71, 'ISLAT'),
(33, 2970, '2000-09-06 00:00:00', 76, 'QUICK'),
(20, 1900, '2000-09-07 00:00:00', 2, 'RICAR'),
(21, 2436, '2000-09-07 00:00:00', 14, 'FRANK'),
(15, 690, '2000-09-07 00:00:00', 19, 'FRANK'),
(25, 1250, '2000-09-07 00:00:00', 21, 'FRANK'),
(3, 69, '2000-09-07 00:00:00', 24, 'FRANK'),
(30, 2700, '2000-09-07 00:00:00', 35, 'FRANK'),
(18, 1134, '2000-09-07 00:00:00', 68, 'RICAR'),
(20, 2160, '2000-09-07 00:00:00', 71, 'VINET'),
(7, 1218, '2000-09-07 00:00:00', 72, 'VINET'),
(12, 276, '2000-09-08 00:00:00', 24, 'MAGAA'),
(10, 2280, '2000-09-08 00:00:00', 28, 'THECR'),
(6, 3714, '2000-09-08 00:00:00', 29, 'THECR'),
(10, 970, '2000-09-08 00:00:00', 44, 'THECR'),
(6, 1650, '2000-09-08 00:00:00', 59, 'MAGAA'),
(15, 2325, '2000-09-09 00:00:00', 10, 'TORTU'),
(10, 300, '2000-09-09 00:00:00', 13, 'TORTU'),
(3, 348, '2000-09-11 00:00:00', 14, 'ANATR'),
(5, 350, '2000-09-11 00:00:00', 42, 'ANATR'),
(12, 1968, '2000-09-11 00:00:00', 53, 'BERGS'),
(10, 1700, '2000-09-11 00:00:00', 60, 'ANATR'),
(20, 3400, '2000-09-11 00:00:00', 60, 'BERGS'),
(20, 2160, '2000-09-11 00:00:00', 71, 'BERGS'),
(25, 2250, '2000-09-12 00:00:00', 1, 'BLONP'),
(20, 4560, '2000-09-12 00:00:00', 28, 'MORGK'),
(12, 2964, '2000-09-12 00:00:00', 62, 'MORGK'),
(15, 3705, '2000-09-12 00:00:00', 62, 'SAVEA'),
(35, 2625, '2000-09-12 00:00:00', 73, 'SAVEA'),
(20, 12380, '2000-09-13 00:00:00', 29, 'GODOS'),
(16, 1552, '2000-09-13 00:00:00', 44, 'BERGS'),
(15, 4125, '2000-09-13 00:00:00', 59, 'BERGS'),
(8, 1760, '2000-09-13 00:00:00', 63, 'BERGS'),
(9, 1494, '2000-09-13 00:00:00', 64, 'GODOS'),
(25, 1875, '2000-09-13 00:00:00', 73, 'BERGS'),
(15, 2925, '2000-09-14 00:00:00', 17, 'LEHMS'),
(12, 276, '2000-09-14 00:00:00', 24, 'BERGS'),
(20, 2400, '2000-09-14 00:00:00', 55, 'BERGS'),
(12, 1440, '2000-09-14 00:00:00', 55, 'KOENE'),
(30, 1170, '2000-09-14 00:00:00', 75, 'BERGS'),
(8, 312, '2000-09-14 00:00:00', 75, 'LAMAI'),
(35, 3150, '2000-09-14 00:00:00', 76, 'KOENE'),
(30, 2850, '2000-09-15 00:00:00', 2, 'WANDK'),
(36, 6840, '2000-09-15 00:00:00', 12, 'ERNSH'),
(13, 390, '2000-09-15 00:00:00', 13, 'ERNSH'),
(1, 46, '2000-09-15 00:00:00', 19, 'ROMEY'),
(6, 138, '2000-09-15 00:00:00', 24, 'ROMEY'),
(35, 5460, '2000-09-15 00:00:00', 26, 'ERNSH'),
(20, 260, '2000-09-15 00:00:00', 33, 'WANDK'),
(4, 360, '2000-09-15 00:00:00', 35, 'ROMEY'),
(80, 19760, '2000-09-15 00:00:00', 62, 'ERNSH'),
(6, 774, '2000-09-16 00:00:00', 30, 'ROMEY'),
(2, 196, '2000-09-16 00:00:00', 57, 'ROMEY'),
(35, 5250, '2000-09-18 00:00:00', 7, 'FOLIG'),
(50, 15650, '2000-09-18 00:00:00', 18, 'FOLIG'),
(15, 3975, '2000-09-18 00:00:00', 51, 'FOLIG'),
(2, 78, '2000-09-18 00:00:00', 75, 'FOLIG'),
(10, 1100, '2000-09-19 00:00:00', 4, 'MAGAA'),
(25, 2750, '2000-09-19 00:00:00', 4, 'WARTH'),
(15, 1605, '2000-09-19 00:00:00', 5, 'MAGAA'),
(20, 1560, '2000-09-19 00:00:00', 15, 'LILAS'),
(18, 828, '2000-09-19 00:00:00', 19, 'LILAS'),
(40, 4200, '2000-09-19 00:00:00', 22, 'MAGAA'),
(6, 396, '2000-09-19 00:00:00', 58, 'WARTH'),
(35, 5950, '2000-09-19 00:00:00', 60, 'LILAS'),
(3, 522, '2000-09-19 00:00:00', 72, 'LILAS'),
(10, 1050, '2000-09-20 00:00:00', 11, 'QUEEN'),
(15, 3300, '2000-09-20 00:00:00', 27, 'LEHMS'),
(21, 2037, '2000-09-20 00:00:00', 44, 'LEHMS'),
(20, 960, '2000-09-20 00:00:00', 45, 'LINOD'),
(25, 2025, '2000-09-20 00:00:00', 50, 'QUEEN'),
(60, 11400, '2000-09-20 00:00:00', 56, 'QUEEN'),
(20, 3400, '2000-09-20 00:00:00', 60, 'LEHMS'),
(21, 2205, '2000-09-20 00:00:00', 65, 'LINOD'),
(5, 350, '2000-09-20 00:00:00', 67, 'LEHMS'),
(60, 10440, '2000-09-20 00:00:00', 72, 'LINOD'),
(45, 4050, '2000-09-21 00:00:00', 1, 'QUICK'),
(8, 2504, '2000-09-21 00:00:00', 18, 'SANTG'),
(36, 5904, '2000-09-21 00:00:00', 53, 'QUICK'),
(50, 4750, '2000-09-22 00:00:00', 2, 'HILAA'),
(100, 9000, '2000-09-22 00:00:00', 35, 'QUICK'),
(60, 5520, '2000-09-22 00:00:00', 40, 'HILAA'),
(40, 9880, '2000-09-22 00:00:00', 62, 'QUICK'),
(20, 3600, '2000-09-22 00:00:00', 69, 'WANDK'),
(15, 1125, '2000-09-22 00:00:00', 70, 'WANDK'),
(40, 3480, '2000-09-23 00:00:00', 16, 'RICAR'),
(20, 1400, '2000-09-23 00:00:00', 34, 'RICAR'),
(15, 900, '2000-09-23 00:00:00', 46, 'RICAR'),
(30, 1500, '2000-09-25 00:00:00', 21, 'SIMOB'),
(15, 3420, '2000-09-25 00:00:00', 28, 'AROUT'),
(21, 1890, '2000-09-25 00:00:00', 39, 'AROUT'),
(2, 120, '2000-09-25 00:00:00', 46, 'AROUT'),
(20, 2860, '2000-09-25 00:00:00', 61, 'SIMOB'),
(4, 1252, '2000-09-26 00:00:00', 18, 'WELLI'),
(20, 4600, '2000-09-26 00:00:00', 43, 'WELLI'),
(21, 1260, '2000-09-26 00:00:00', 46, 'WELLI'),
(10, 370, '2000-09-26 00:00:00', 54, 'REGGC'),
(3, 189, '2000-09-26 00:00:00', 68, 'REGGC'),
(15, 1350, '2000-09-27 00:00:00', 1, 'HUNGO'),
(30, 1500, '2000-09-27 00:00:00', 3, 'BSBEV'),
(20, 2140, '2000-09-27 00:00:00', 5, 'COMMI'),
(18, 2790, '2000-09-27 00:00:00', 10, 'HUNGO'),
(20, 6260, '2000-09-27 00:00:00', 18, 'HANAR'),
(15, 9285, '2000-09-27 00:00:00', 29, 'COMMI'),
(15, 1425, '2000-09-27 00:00:00', 36, 'HANAR'),
(15, 1500, '2000-09-27 00:00:00', 49, 'COMMI'),
(9, 1494, '2000-09-27 00:00:00', 64, 'BSBEV'),
(30, 3240, '2000-09-27 00:00:00', 71, 'HUNGO'),
(10, 650, '2000-09-27 00:00:00', 77, 'COMMI'),
(35, 2275, '2000-09-27 00:00:00', 77, 'HUNGO'),
(20, 600, '2000-09-28 00:00:00', 13, 'QUEDE'),
(30, 1380, '2000-09-28 00:00:00', 19, 'QUEDE'),
(15, 1575, '2000-09-28 00:00:00', 22, 'RICAR'),
(15, 345, '2000-09-28 00:00:00', 24, 'RICAR'),
(20, 1800, '2000-09-28 00:00:00', 39, 'QUEDE'),
(24, 2328, '2000-09-28 00:00:00', 44, 'QUEDE'),
(2, 530, '2000-09-28 00:00:00', 51, 'QUEDE'),
(20, 8100, '2000-09-29 00:00:00', 20, 'TRADH'),
(20, 4560, '2000-09-29 00:00:00', 28, 'MAISD'),
(15, 2610, '2000-09-29 00:00:00', 72, 'MAISD'),
(12, 3756, '2000-09-30 00:00:00', 18, 'TORTU'),
(10, 230, '2000-09-30 00:00:00', 24, 'TORTU'),
(5, 1100, '2000-09-30 00:00:00', 63, 'TORTU'),
(6, 234, '2000-09-30 00:00:00', 75, 'TORTU'),
(12, 552, '2000-10-02 00:00:00', 19, 'WANDK'),
(20, 2100, '2000-10-02 00:00:00', 22, 'WANDK'),
(30, 3870, '2000-10-02 00:00:00', 30, 'FAMIA'),
(25, 4100, '2000-10-02 00:00:00', 53, 'FAMIA'),
(30, 1110, '2000-10-02 00:00:00', 54, 'FAMIA'),
(18, 1620, '2000-10-03 00:00:00', 1, 'RATTC'),
(30, 2610, '2000-10-03 00:00:00', 16, 'FRANK'),
(15, 2925, '2000-10-03 00:00:00', 17, 'RATTC'),
(2, 258, '2000-10-03 00:00:00', 30, 'GOURL'),
(20, 1400, '2000-10-03 00:00:00', 42, 'GOURL'),
(15, 3450, '2000-10-03 00:00:00', 43, 'RATTC'),
(20, 3400, '2000-10-03 00:00:00', 60, 'FRANK'),
(21, 3570, '2000-10-03 00:00:00', 60, 'RATTC'),
(6, 234, '2000-10-03 00:00:00', 75, 'RATTC'),
(12, 1320, '2000-10-04 00:00:00', 4, 'BERGS'),
(20, 1800, '2000-10-04 00:00:00', 39, 'BERGS'),
(6, 222, '2000-10-04 00:00:00', 54, 'BERGS'),
(4, 760, '2000-10-04 00:00:00', 56, 'VINET'),
(12, 1260, '2000-10-05 00:00:00', 11, 'LILAS'),
(3, 348, '2000-10-05 00:00:00', 14, 'GREAL'),
(30, 2610, '2000-10-05 00:00:00', 16, 'LILAS'),
(20, 960, '2000-10-05 00:00:00', 41, 'REGGC'),
(28, 2716, '2000-10-05 00:00:00', 44, 'GREAL'),
(6, 288, '2000-10-05 00:00:00', 47, 'GREAL'),
(15, 2700, '2000-10-05 00:00:00', 69, 'LILAS'),
(50, 3900, '2000-10-06 00:00:00', 15, 'SAVEA'),
(60, 3000, '2000-10-06 00:00:00', 21, 'QUICK'),
(60, 5400, '2000-10-06 00:00:00', 39, 'BLONP'),
(70, 6440, '2000-10-06 00:00:00', 40, 'QUICK'),
(144, 6912, '2000-10-06 00:00:00', 41, 'SAVEA'),
(45, 2700, '2000-10-06 00:00:00', 46, 'SAVEA'),
(10, 480, '2000-10-06 00:00:00', 47, 'SAVEA'),
(45, 8550, '2000-10-06 00:00:00', 56, 'SAVEA'),
(55, 9350, '2000-10-06 00:00:00', 60, 'QUICK'),
(30, 5100, '2000-10-06 00:00:00', 60, 'SAVEA'),
(20, 3480, '2000-10-06 00:00:00', 72, 'BLONP'),
(70, 4550, '2000-10-06 00:00:00', 77, 'QUICK'),
(40, 3800, '2000-10-07 00:00:00', 2, 'HUNGO'),
(40, 3800, '2000-10-07 00:00:00', 36, 'HUNGO'),
(30, 8250, '2000-10-07 00:00:00', 59, 'HUNGO'),
(15, 3705, '2000-10-07 00:00:00', 62, 'HUNGO'),
(20, 1260, '2000-10-09 00:00:00', 31, 'QUEEN'),
(24, 2208, '2000-10-09 00:00:00', 40, 'QUEEN'),
(40, 3000, '2000-10-09 00:00:00', 70, 'QUEEN'),
(15, 690, '2000-10-10 00:00:00', 19, 'RICAR'),
(21, 8505, '2000-10-10 00:00:00', 20, 'HUNGC'),
(3, 270, '2000-10-10 00:00:00', 39, 'HUNGO'),
(49, 3234, '2000-10-10 00:00:00', 58, 'HUNGO'),
(30, 2550, '2000-10-10 00:00:00', 66, 'MAGAA'),
(20, 1260, '2000-10-10 00:00:00', 68, 'MAGAA'),
(20, 1500, '2000-10-10 00:00:00', 70, 'RICAR'),
(30, 2760, '2000-10-11 00:00:00', 40, 'BONAP'),
(10, 920, '2000-10-11 00:00:00', 40, 'WANDK'),
(30, 2100, '2000-10-11 00:00:00', 42, 'BONAP'),
(20, 5300, '2000-10-11 00:00:00', 51, 'BONAP'),
(20, 3800, '2000-10-11 00:00:00', 56, 'WANDK'),
(24, 3720, '2000-10-12 00:00:00', 10, 'FURIB'),
(40, 7800, '2000-10-12 00:00:00', 17, 'SUPRD'),
(28, 6384, '2000-10-12 00:00:00', 28, 'SUPRD'),
(12, 2760, '2000-10-12 00:00:00', 43, 'SUPRD'),
(12, 2280, '2000-10-12 00:00:00', 56, 'FURIB'),
(15, 1575, '2000-10-12 00:00:00', 65, 'FURIB'),
(36, 22284, '2000-10-13 00:00:00', 29, 'RICSU'),
(40, 3680, '2000-10-13 00:00:00', 40, 'GODOS'),
(20, 5300, '2000-10-13 00:00:00', 51, 'LONEP'),
(1, 275, '2000-10-13 00:00:00', 59, 'LONEP'),
(30, 3150, '2000-10-13 00:00:00', 65, 'GODOS'),
(10, 1050, '2000-10-13 00:00:00', 65, 'RICSU'),
(15, 945, '2000-10-13 00:00:00', 68, 'GODOS'),
(10, 900, '2000-10-13 00:00:00', 76, 'LONEP'),
(30, 3000, '2000-10-14 00:00:00', 49, 'TORTU'),
(10, 2750, '2000-10-14 00:00:00', 59, 'TORTU'),
(2, 216, '2000-10-14 00:00:00', 71, 'TORTU'),
(8, 504, '2000-10-16 00:00:00', 31, 'WANDK'),
(4, 480, '2000-10-16 00:00:00', 55, 'WANDK'),
(15, 2490, '2000-10-16 00:00:00', 64, 'WANDK'),
(45, 8100, '2000-10-16 00:00:00', 69, 'ERNSH'),
(14, 1512, '2000-10-16 00:00:00', 71, 'ERNSH'),
(25, 7825, '2000-10-17 00:00:00', 18, 'OLDWO'),
(25, 15475, '2000-10-17 00:00:00', 29, 'OLDWO'),
(30, 2850, '2000-10-17 00:00:00', 36, 'SIMOB'),
(30, 2700, '2000-10-17 00:00:00', 39, 'OLDWO'),
(10, 870, '2000-10-18 00:00:00', 16, 'FRANR'),
(32, 1440, '2000-10-18 00:00:00', 23, 'FRANK'),
(10, 1290, '2000-10-18 00:00:00', 30, 'ROMEY'),
(60, 3600, '2000-10-18 00:00:00', 46, 'FRANK'),
(10, 1640, '2000-10-18 00:00:00', 53, 'ROMEY'),
(5, 185, '2000-10-18 00:00:00', 54, 'ROMEY'),
(10, 2470, '2000-10-18 00:00:00', 62, 'FRANR'),
(12, 1260, '2000-10-18 00:00:00', 65, 'FRANR'),
(25, 1750, '2000-10-18 00:00:00', 67, 'FRANK'),
(50, 3750, '2000-10-18 00:00:00', 73, 'FRANK'),
(25, 975, '2000-10-18 00:00:00', 75, 'FRANK'),
(3, 261, '2000-10-19 00:00:00', 16, 'WILMK'),
(15, 19770, '2000-10-19 00:00:00', 38, 'BERGS'),
(6, 420, '2000-10-19 00:00:00', 42, 'WILMK'),
(6, 1380, '2000-10-19 00:00:00', 43, 'WILMK'),
(10, 2470, '2000-10-19 00:00:00', 62, 'LONEP'),
(13, 819, '2000-10-19 00:00:00', 68, 'LONEP'),
(12, 1296, '2000-10-19 00:00:00', 71, 'BERGS'),
(5, 225, '2000-10-20 00:00:00', 23, 'ISLAT'),
(1, 180, '2000-10-20 00:00:00', 69, 'ANATR'),
(5, 375, '2000-10-20 00:00:00', 70, 'ANATR'),
(20, 2200, '2000-10-21 00:00:00', 4, 'HUNGO'),
(30, 3750, '2000-10-21 00:00:00', 6, 'HUNGO'),
(10, 870, '2000-10-21 00:00:00', 16, 'THEBI'),
(2, 140, '2000-10-21 00:00:00', 42, 'HUNGO'),
(20, 4600, '2000-10-21 00:00:00', 43, 'HUNGO'),
(5, 1235, '2000-10-21 00:00:00', 62, 'THEBI'),
(3, 324, '2000-10-21 00:00:00', 71, 'HUNGO'),
(2, 310, '2000-10-23 00:00:00', 10, 'TORTU'),
(30, 3480, '2000-10-23 00:00:00', 14, 'FRANK'),
(7, 322, '2000-10-23 00:00:00', 19, 'TORTU'),
(21, 2037, '2000-10-23 00:00:00', 44, 'TORTU'),
(10, 1640, '2000-10-23 00:00:00', 53, 'FRANK'),
(30, 1980, '2000-10-23 00:00:00', 58, 'FRANK'),
(100, 19000, '2000-10-24 00:00:00', 12, 'SAVEA'),
(30, 4680, '2000-10-24 00:00:00', 26, 'ANTON'),
(38, 494, '2000-10-24 00:00:00', 33, 'ANTON'),
(30, 390, '2000-10-24 00:00:00', 33, 'SAVEA'),
(6, 420, '2000-10-24 00:00:00', 42, 'DUMON'),
(30, 1110, '2000-10-24 00:00:00', 54, 'SAVEA'),
(7, 1260, '2000-10-24 00:00:00', 69, 'DUMON'),
(4, 912, '2000-10-25 00:00:00', 28, 'WANDK'),
(24, 5520, '2000-10-25 00:00:00', 43, 'WANDK'),
(20, 3280, '2000-10-25 00:00:00', 53, 'WANDK'),
(12, 3300, '2000-10-25 00:00:00', 59, 'BLONP'),
(10, 390, '2000-10-25 00:00:00', 75, 'WANDK'),
(50, 4350, '2000-10-26 00:00:00', 16, 'OLDWO'),
(30, 1380, '2000-10-26 00:00:00', 19, 'GREAL'),
(12, 600, '2000-10-26 00:00:00', 21, 'GREAL'),
(20, 1260, '2000-10-26 00:00:00', 31, 'OLDWO'),
(12, 1140, '2000-10-26 00:00:00', 36, 'QUICK'),
(40, 2800, '2000-10-26 00:00:00', 42, 'OLDWO'),
(28, 4648, '2000-10-26 00:00:00', 64, 'GREAL'),
(40, 6400, '2000-10-27 00:00:00', 32, 'RATTC'),
(9, 315, '2000-10-27 00:00:00', 52, 'DUMON'),
(30, 1980, '2000-10-27 00:00:00', 58, 'RATTC'),
(95, 23465, '2000-10-27 00:00:00', 62, 'RATTC'),
(4, 340, '2000-10-27 00:00:00', 66, 'ANTON'),
(30, 1170, '2000-10-27 00:00:00', 75, 'ANTON'),
(14, 980, '2000-10-28 00:00:00', 34, 'ISLAT'),
(30, 2250, '2000-10-28 00:00:00', 70, 'ISLAT'),
(20, 1840, '2000-10-30 00:00:00', 40, 'OTTIK'),
(40, 1920, '2000-10-30 00:00:00', 47, 'OTTIK'),
(30, 5100, '2000-10-30 00:00:00', 60, 'OTTIK'),
(20, 3100, '2000-10-31 00:00:00', 10, 'GOURL'),
(30, 5850, '2000-10-31 00:00:00', 17, 'PICCO'),
(15, 2340, '2000-10-31 00:00:00', 26, 'PICCO'),
(4, 192, '2000-10-31 00:00:00', 41, 'GOURL'),
(10, 480, '2000-10-31 00:00:00', 41, 'RATTC'),
(15, 720, '2000-10-31 00:00:00', 47, 'GOURL'),
(20, 1800, '2000-11-01 00:00:00', 1, 'LONEP'),
(50, 24250, '2000-11-01 00:00:00', 9, 'HUNGO'),
(18, 2790, '2000-11-01 00:00:00', 10, 'VAFFE'),
(60, 13680, '2000-11-01 00:00:00', 28, 'VAFFE'),
(10, 6190, '2000-11-01 00:00:00', 29, 'HUNGO'),
(14, 980, '2000-11-01 00:00:00', 34, 'VAFFE'),
(6, 570, '2000-11-01 00:00:00', 36, 'HUNGO'),
(35, 3150, '2000-11-02 00:00:00', 1, 'BERGS'),
(20, 960, '2000-11-02 00:00:00', 41, 'ISLAT'),
(6, 540, '2000-11-02 00:00:00', 76, 'ISLAT'),
(30, 2700, '2000-11-03 00:00:00', 1, 'QUICK'),
(8, 1560, '2000-11-03 00:00:00', 17, 'TORTU'),
(14, 3192, '2000-11-03 00:00:00', 28, 'TORTU'),
(40, 24760, '2000-11-03 00:00:00', 29, 'QUICK'),
(40, 9200, '2000-11-03 00:00:00', 43, 'QUICK'),
(74, 7178, '2000-11-03 00:00:00', 44, 'QUICK'),
(20, 3800, '2000-11-03 00:00:00', 56, 'HANAR'),
(48, 11856, '2000-11-03 00:00:00', 62, 'QUICK'),
(70, 7560, '2000-11-03 00:00:00', 71, 'WARTH'),
(30, 2700, '2000-11-03 00:00:00', 76, 'TORTU'),
(30, 1950, '2000-11-03 00:00:00', 77, 'HANAR'),
(10, 900, '2000-11-04 00:00:00', 35, 'ISLAT'),
(6, 2910, '2000-11-06 00:00:00', 9, 'WHITC'),
(60, 2220, '2000-11-06 00:00:00', 54, 'WHITC'),
(20, 4400, '2000-11-06 00:00:00', 63, 'BSBEV'),
(30, 5400, '2000-11-06 00:00:00', 69, 'WHITC'),
(15, 1125, '2000-11-06 00:00:00', 73, 'WHITC'),
(90, 13500, '2000-11-07 00:00:00', 7, 'QUICK'),
(20, 700, '2000-11-07 00:00:00', 52, 'PERIC'),
(25, 6875, '2000-11-07 00:00:00', 59, 'QUICK'),
(50, 3750, '2000-11-07 00:00:00', 70, 'QUICK'),
(10, 2000, '2000-11-08 00:00:00', 8, 'WILMK'),
(4, 760, '2000-11-08 00:00:00', 12, 'WILMK'),
(5, 390, '2000-11-08 00:00:00', 15, 'KOENE'),
(20, 3900, '2000-11-08 00:00:00', 17, 'WHITC'),
(20, 460, '2000-11-08 00:00:00', 24, 'WILMK'),
(4, 280, '2000-11-08 00:00:00', 25, 'KOENE'),
(4, 360, '2000-11-08 00:00:00', 39, 'KOENE'),
(18, 1080, '2000-11-08 00:00:00', 46, 'WHITC'),
(15, 1575, '2000-11-09 00:00:00', 11, 'ERNSH'),
(21, 1827, '2000-11-09 00:00:00', 16, 'SAVEA'),
(8, 1560, '2000-11-09 00:00:00', 17, 'ERNSH'),
(7, 322, '2000-11-09 00:00:00', 19, 'LINOD'),
(12, 7428, '2000-11-09 00:00:00', 29, 'ERNSH'),
(9, 810, '2000-11-09 00:00:00', 35, 'LINOD'),
(70, 6300, '2000-11-09 00:00:00', 35, 'SAVEA'),
(54, 3240, '2000-11-09 00:00:00', 46, 'SAVEA'),
(30, 1980, '2000-11-09 00:00:00', 58, 'LINOD'),
(40, 11000, '2000-11-09 00:00:00', 59, 'SAVEA'),
(80, 17600, '2000-11-09 00:00:00', 63, 'SAVEA'),
(65, 6825, '2000-11-09 00:00:00', 65, 'ERNSH'),
(8, 600, '2000-11-09 00:00:00', 70, 'ERNSH'),
(30, 2250, '2000-11-09 00:00:00', 70, 'LINOD'),
(6, 750, '2000-11-10 00:00:00', 6, 'KOENE'),
(12, 360, '2000-11-10 00:00:00', 13, 'KOENE'),
(9, 1044, '2000-11-10 00:00:00', 14, 'KOENE'),
(4, 252, '2000-11-10 00:00:00', 31, 'KOENE'),
(12, 576, '2000-11-10 00:00:00', 47, 'MORGK'),
(40, 6960, '2000-11-10 00:00:00', 72, 'KOENE'),
(24, 2640, '2000-11-11 00:00:00', 4, 'BOLID'),
(16, 1568, '2000-11-11 00:00:00', 57, 'BOLID'),
(50, 1950, '2000-11-11 00:00:00', 75, 'BOLID'),
(5, 450, '2000-11-13 00:00:00', 1, 'SAVEA'),
(12, 840, '2000-11-13 00:00:00', 34, 'SAVEA'),
(42, 11550, '2000-11-13 00:00:00', 59, 'HUNGO'),
(85, 5355, '2000-11-13 00:00:00', 68, 'SAVEA'),
(20, 2160, '2000-11-13 00:00:00', 71, 'HUNGO'),
(60, 6480, '2000-11-13 00:00:00', 71, 'SAVEA'),
(35, 3150, '2000-11-13 00:00:00', 76, 'HUNGO'),
(30, 2850, '2000-11-14 00:00:00', 2, 'FOLKO'),
(6, 300, '2000-11-14 00:00:00', 3, 'ALFKI'),
(50, 5250, '2000-11-14 00:00:00', 11, 'FOLKO'),
(35, 4515, '2000-11-14 00:00:00', 30, 'FOLKO'),
(30, 1980, '2000-11-14 00:00:00', 58, 'FOLKO'),
(35, 9625, '2000-11-14 00:00:00', 59, 'FOLKO'),
(35, 2625, '2000-11-14 00:00:00', 73, 'FOLKO'),
(15, 1350, '2000-11-14 00:00:00', 76, 'ALFKI'),
(6, 660, '2000-11-15 00:00:00', 4, 'QUEEN'),
(35, 805, '2000-11-15 00:00:00', 24, 'QUEEN'),
(24, 1536, '2000-11-15 00:00:00', 48, 'QUEEN'),
(9, 2475, '2000-11-15 00:00:00', 59, 'FURIB'),
(40, 4200, '2000-11-15 00:00:00', 65, 'FURIB'),
(10, 630, '2000-11-15 00:00:00', 68, 'FURIB'),
(20, 1740, '2000-11-16 00:00:00', 16, 'OLDWO'),
(10, 460, '2000-11-16 00:00:00', 19, 'SPLIR'),
(50, 7800, '2000-11-16 00:00:00', 26, 'LILAS'),
(8, 1032, '2000-11-16 00:00:00', 30, 'SPLIR'),
(20, 1260, '2000-11-16 00:00:00', 31, 'HILAA'),
(4, 640, '2000-11-16 00:00:00', 32, 'HILAA'),
(20, 26360, '2000-11-16 00:00:00', 38, 'SPLIR'),
(24, 5520, '2000-11-16 00:00:00', 43, 'OLDWO'),
(12, 2280, '2000-11-16 00:00:00', 56, 'SPLIR'),
(8, 2200, '2000-11-16 00:00:00', 59, 'OLDWO'),
(25, 4350, '2000-11-16 00:00:00', 72, 'LILAS'),
(4, 428, '2000-11-17 00:00:00', 5, 'THEBI'),
(5, 475, '2000-11-17 00:00:00', 36, 'THEBI'),
(15, 555, '2000-11-17 00:00:00', 54, 'BONAP'),
(21, 2520, '2000-11-17 00:00:00', 55, 'AROUT'),
(40, 3920, '2000-11-17 00:00:00', 57, 'AROUT'),
(28, 2100, '2000-11-17 00:00:00', 70, 'AROUT'),
(40, 12520, '2000-11-18 00:00:00', 18, 'MEREP'),
(10, 700, '2000-11-18 00:00:00', 42, 'MEREP'),
(16, 768, '2000-11-18 00:00:00', 47, 'MEREP'),
(40, 8000, '2000-11-20 00:00:00', 8, 'GOURL'),
(28, 7420, '2000-11-20 00:00:00', 51, 'GOURL'),
(10, 1700, '2000-11-20 00:00:00', 60, 'GOURL'),
(10, 1160, '2000-11-21 00:00:00', 14, 'WARTH'),
(5, 230, '2000-11-21 00:00:00', 19, 'FRANS'),
(12, 552, '2000-11-21 00:00:00', 19, 'SAVEA'),
(10, 500, '2000-11-21 00:00:00', 21, 'WARTH'),
(42, 2016, '2000-11-21 00:00:00', 41, 'SAVEA'),
(5, 240, '2000-11-21 00:00:00', 47, 'FRANS'),
(120, 19680, '2000-11-21 00:00:00', 53, 'SAVEA'),
(18, 2790, '2000-11-22 00:00:00', 10, 'SAVEA'),
(30, 4680, '2000-11-22 00:00:00', 26, 'SAVEA'),
(110, 5280, '2000-11-22 00:00:00', 45, 'SAVEA'),
(8, 280, '2000-11-22 00:00:00', 52, 'VICTE'),
(3, 492, '2000-11-22 00:00:00', 53, 'HUNGO'),
(30, 5700, '2000-11-22 00:00:00', 56, 'HUNGO'),
(10, 630, '2000-11-22 00:00:00', 68, 'VICTE'),
(7, 665, '2000-11-23 00:00:00', 2, 'HUNGO'),
(33, 3135, '2000-11-23 00:00:00', 2, 'SAVEA'),
(27, 5265, '2000-11-23 00:00:00', 17, 'SAVEA'),
(25, 1575, '2000-11-23 00:00:00', 31, 'HUNGO'),
(6, 960, '2000-11-23 00:00:00', 32, 'HUNGO'),
(50, 2400, '2000-11-23 00:00:00', 47, 'SAVEA'),
(48, 12720, '2000-11-23 00:00:00', 51, 'HUNGO'),
(18, 3420, '2000-11-23 00:00:00', 56, 'SAVEA'),
(12, 792, '2000-11-23 00:00:00', 58, 'SAVEA'),
(18, 1980, '2000-11-24 00:00:00', 4, 'PRINI'),
(21, 3255, '2000-11-24 00:00:00', 10, 'BONAP'),
(5, 250, '2000-11-24 00:00:00', 21, 'RANCH'),
(7, 1855, '2000-11-24 00:00:00', 51, 'RANCH'),
(10, 1430, '2000-11-24 00:00:00', 61, 'RANCH'),
(30, 3240, '2000-11-24 00:00:00', 71, 'BONAP'),
(40, 1800, '2000-11-25 00:00:00', 23, 'FRANK'),
(24, 3744, '2000-11-25 00:00:00', 26, 'FRANK'),
(20, 1900, '2000-11-25 00:00:00', 36, 'FRANK'),
(28, 3640, '2000-11-25 00:00:00', 37, 'FRANK'),
(25, 4350, '2000-11-25 00:00:00', 72, 'FRANK'),
(36, 6840, '2000-11-27 00:00:00', 12, 'KOENE'),
(20, 1740, '2000-11-27 00:00:00', 16, 'KOENE'),
(32, 1600, '2000-11-27 00:00:00', 21, 'FRANK'),
(40, 3800, '2000-11-27 00:00:00', 36, 'KOENE'),
(15, 555, '2000-11-27 00:00:00', 54, 'FRANK'),
(20, 4940, '2000-11-27 00:00:00', 62, 'KOENE'),
(25, 4500, '2000-11-27 00:00:00', 69, 'FRANK'),
(20, 3900, '2000-11-28 00:00:00', 17, 'OLDWO'),
(12, 3756, '2000-11-28 00:00:00', 18, 'LETSS'),
(3, 387, '2000-11-28 00:00:00', 30, 'LETSS'),
(15, 1935, '2000-11-28 00:00:00', 30, 'OLDWO'),
(40, 1480, '2000-11-28 00:00:00', 54, 'LETSS'),
(10, 1100, '2000-11-29 00:00:00', 4, 'MEREP'),
(70, 13650, '2000-11-29 00:00:00', 17, 'MEREP'),
(20, 6260, '2000-11-29 00:00:00', 18, 'BONAP'),
(21, 1890, '2000-11-29 00:00:00', 35, 'QUEDE'),
(12, 576, '2000-11-29 00:00:00', 41, 'BONAP'),
(40, 9200, '2000-11-29 00:00:00', 43, 'BONAP'),
(28, 6916, '2000-11-29 00:00:00', 62, 'MEREP'),
(8, 864, '2000-11-29 00:00:00', 71, 'QUEDE'),
(15, 2340, '2000-11-30 00:00:00', 26, 'WHITC'),
(50, 3150, '2000-11-30 00:00:00', 31, 'SAVEA'),
(8, 104, '2000-11-30 00:00:00', 33, 'SIMOB'),
(9, 2475, '2000-11-30 00:00:00', 59, 'SIMOB'),
(42, 1638, '2000-11-30 00:00:00', 75, 'SAVEA'),
(24, 2280, '2000-12-01 00:00:00', 2, 'FRANK'),
(16, 2480, '2000-12-01 00:00:00', 10, 'MEREP'),
(56, 3528, '2000-12-01 00:00:00', 31, 'FRANK'),
(40, 3800, '2000-12-01 00:00:00', 36, 'FRANK'),
(40, 4800, '2000-12-01 00:00:00', 55, 'FRANK'),
(5, 715, '2000-12-01 00:00:00', 61, 'MEREP'),
(50, 8300, '2000-12-02 00:00:00', 64, 'LEHMS'),
(4, 252, '2000-12-02 00:00:00', 68, 'LEHMS'),
(15, 1350, '2000-12-02 00:00:00', 76, 'LEHMS'),
(25, 2750, '2000-12-04 00:00:00', 4, 'EASTC'),
(5, 525, '2000-12-04 00:00:00', 11, 'EASTC'),
(12, 576, '2000-12-04 00:00:00', 41, 'FAMIA'),
(4, 140, '2000-12-04 00:00:00', 52, 'FAMIA'),
(6, 720, '2000-12-04 00:00:00', 55, 'FAMIA'),
(35, 3850, '2000-12-05 00:00:00', 4, 'WHITC'),
(70, 14000, '2000-12-05 00:00:00', 8, 'WHITC'),
(20, 3900, '2000-12-05 00:00:00', 17, 'REGGC'),
(15, 1935, '2000-12-05 00:00:00', 30, 'QUEEN'),
(6, 552, '2000-12-05 00:00:00', 40, 'QUEEN'),
(12, 1440, '2000-12-05 00:00:00', 55, 'QUEEN'),
(10, 1900, '2000-12-05 00:00:00', 56, 'REGGC'),
(10, 2750, '2000-12-05 00:00:00', 59, 'REGGC'),
(15, 2550, '2000-12-05 00:00:00', 60, 'QUEEN'),
(50, 4500, '2000-12-06 00:00:00', 1, 'LINOD'),
(70, 14000, '2000-12-06 00:00:00', 8, 'QUICK'),
(80, 3680, '2000-12-06 00:00:00', 19, 'QUICK'),
(30, 1500, '2000-12-06 00:00:00', 21, 'LINOD'),
(9, 630, '2000-12-06 00:00:00', 42, 'QUICK'),
(40, 3240, '2000-12-06 00:00:00', 50, 'LINOD'),
(15, 1305, '2000-12-07 00:00:00', 16, 'BONAP'),
(36, 7020, '2000-12-07 00:00:00', 17, 'RATTC'),
(40, 2000, '2000-12-07 00:00:00', 21, 'CHOPS'),
(3, 189, '2000-12-07 00:00:00', 31, 'BONAP'),
(30, 7950, '2000-12-07 00:00:00', 51, 'CHOPS'),
(20, 3800, '2000-12-07 00:00:00', 56, 'RATTC'),
(10, 1050, '2000-12-07 00:00:00', 65, 'BONAP'),
(16, 1856, '2000-12-08 00:00:00', 14, 'BERGS'),
(10, 700, '2000-12-08 00:00:00', 25, 'FAMIA'),
(20, 4560, '2000-12-08 00:00:00', 28, 'BERGS'),
(50, 4500, '2000-12-08 00:00:00', 39, 'FAMIA'),
(4, 368, '2000-12-08 00:00:00', 40, 'FAMIA'),
(25, 875, '2000-12-08 00:00:00', 52, 'BERGS'),
(6, 234, '2000-12-08 00:00:00', 75, 'FAMIA'),
(20, 1800, '2000-12-08 00:00:00', 76, 'BONAP'),
(15, 1350, '2000-12-09 00:00:00', 1, 'WANDK'),
(25, 1125, '2000-12-09 00:00:00', 23, 'WANDK'),
(30, 3750, '2000-12-11 00:00:00', 6, 'GOURL'),
(15, 1935, '2000-12-11 00:00:00', 30, 'GOURL'),
(20, 1800, '2000-12-11 00:00:00', 76, 'GOURL'),
(15, 1215, '2000-12-12 00:00:00', 50, 'LAMAI'),
(24, 888, '2000-12-12 00:00:00', 54, 'SPLIR'),
(20, 2860, '2000-12-12 00:00:00', 61, 'LETSS'),
(40, 4200, '2000-12-12 00:00:00', 65, 'HUNGO'),
(18, 3240, '2000-12-12 00:00:00', 69, 'LAMAI'),
(20, 780, '2000-12-12 00:00:00', 75, 'HUNGO'),
(2, 130, '2000-12-12 00:00:00', 77, 'LETSS'),
(4, 120, '2000-12-13 00:00:00', 13, 'VINET'),
(3, 261, '2000-12-13 00:00:00', 16, 'SPECD'),
(20, 26360, '2000-12-13 00:00:00', 38, 'ERNSH'),
(13, 624, '2000-12-13 00:00:00', 41, 'ERNSH'),
(12, 576, '2000-12-13 00:00:00', 41, 'VINET'),
(77, 7469, '2000-12-13 00:00:00', 44, 'ERNSH'),
(10, 1050, '2000-12-13 00:00:00', 65, 'ERNSH'),
(10, 230, '2000-12-14 00:00:00', 24, 'FURIB'),
(6, 570, '2000-12-14 00:00:00', 36, 'VINET'),
(18, 630, '2000-12-14 00:00:00', 52, 'VINET'),
(20, 740, '2000-12-14 00:00:00', 54, 'FURIB'),
(15, 1425, '2000-12-15 00:00:00', 2, 'AROUT'),
(12, 1260, '2000-12-15 00:00:00', 11, 'PICCO'),
(5, 1140, '2000-12-15 00:00:00', 28, 'WHITC'),
(35, 3150, '2000-12-15 00:00:00', 35, 'WHITC'),
(50, 65900, '2000-12-15 00:00:00', 38, 'PICCO'),
(40, 1920, '2000-12-15 00:00:00', 45, 'WHITC'),
(14, 2660, '2000-12-15 00:00:00', 56, 'WHITC'),
(12, 1080, '2000-12-16 00:00:00', 1, 'PERIC'),
(4, 2476, '2000-12-16 00:00:00', 29, 'PERIC'),
(20, 1000, '2000-12-18 00:00:00', 3, 'BOTTM'),
(28, 1680, '2000-12-18 00:00:00', 46, 'AROUT'),
(50, 8500, '2000-12-18 00:00:00', 60, 'BOTTM'),
(35, 6090, '2000-12-18 00:00:00', 72, 'BOTTM'),
(25, 575, '2000-12-19 00:00:00', 24, 'AROUT'),
(50, 4600, '2000-12-19 00:00:00', 40, 'VAFFE'),
(25, 2450, '2000-12-19 00:00:00', 57, 'AROUT'),
(6, 180, '2000-12-20 00:00:00', 13, 'CHOPS'),
(24, 7512, '2000-12-20 00:00:00', 18, 'QUICK'),
(30, 1890, '2000-12-20 00:00:00', 31, 'WANDK'),
(28, 1960, '2000-12-20 00:00:00', 42, 'CHOPS'),
(16, 1552, '2000-12-20 00:00:00', 44, 'QUICK'),
(12, 1440, '2000-12-20 00:00:00', 55, 'WANDK'),
(45, 12375, '2000-12-20 00:00:00', 59, 'QUICK'),
(9, 2223, '2000-12-20 00:00:00', 62, 'CHOPS'),
(40, 7200, '2000-12-20 00:00:00', 69, 'CHOPS'),
(20, 3600, '2000-12-20 00:00:00', 69, 'WANDK'),
(7, 1218, '2000-12-20 00:00:00', 72, 'QUICK'),
(30, 4650, '2000-12-21 00:00:00', 10, 'LILAS'),
(44, 1980, '2000-12-21 00:00:00', 23, 'SAVEA'),
(16, 2496, '2000-12-21 00:00:00', 26, 'LILAS'),
(8, 504, '2000-12-21 00:00:00', 31, 'PICCO'),
(40, 3680, '2000-12-21 00:00:00', 40, 'SAVEA'),
(35, 1680, '2000-12-21 00:00:00', 41, 'PICCO'),
(28, 5320, '2000-12-21 00:00:00', 56, 'SAVEA'),
(8, 1360, '2000-12-21 00:00:00', 60, 'LILAS'),
(9, 1980, '2000-12-21 00:00:00', 63, 'PICCO'),
(30, 5400, '2000-12-21 00:00:00', 69, 'PICCO'),
(10, 230, '2000-12-22 00:00:00', 24, 'LAMAI'),
(10, 700, '2000-12-22 00:00:00', 34, 'LAMAI'),
(20, 1900, '2000-12-22 00:00:00', 36, 'LAMAI'),
(15, 2850, '2000-12-22 00:00:00', 56, 'ISLAT'),
(6, 1650, '2000-12-22 00:00:00', 59, 'ISLAT'),
(10, 900, '2000-12-22 00:00:00', 76, 'ISLAT'),
(56, 4872, '2000-12-23 00:00:00', 16, 'SEVES'),
(30, 6840, '2000-12-23 00:00:00', 28, 'BLONP'),
(35, 21665, '2000-12-23 00:00:00', 29, 'BLONP'),
(70, 4410, '2000-12-23 00:00:00', 31, 'SEVES'),
(10, 13180, '2000-12-23 00:00:00', 38, 'BLONP'),
(35, 3500, '2000-12-23 00:00:00', 49, 'BLONP'),
(28, 1036, '2000-12-23 00:00:00', 54, 'BLONP'),
(80, 13600, '2000-12-23 00:00:00', 60, 'SEVES'),
(5, 580, '2000-12-25 00:00:00', 14, 'WARTH'),
(32, 4992, '2000-12-25 00:00:00', 26, 'RICSU'),
(30, 3870, '2000-12-25 00:00:00', 30, 'RICSU'),
(40, 1920, '2000-12-25 00:00:00', 45, 'WARTH'),
(20, 1620, '2000-12-25 00:00:00', 50, 'RICSU'),
(25, 6875, '2000-12-25 00:00:00', 59, 'WARTH'),
(15, 1125, '2000-12-25 00:00:00', 73, 'RICSU'),
(8, 720, '2000-12-26 00:00:00', 1, 'NORTS'),
(54, 4860, '2000-12-26 00:00:00', 39, 'QUICK'),
(4, 192, '2000-12-26 00:00:00', 45, 'FRANS'),
(55, 9350, '2000-12-26 00:00:00', 60, 'QUICK'),
(3, 540, '2000-12-26 00:00:00', 69, 'NORTS'),
(5, 250, '2000-12-26 00:00:00', 74, 'FRANS'),
(50, 3500, '2000-12-27 00:00:00', 25, 'BONAP'),
(20, 1260, '2000-12-27 00:00:00', 31, 'DRACD'),
(3, 276, '2000-12-27 00:00:00', 40, 'MAGAA'),
(20, 5300, '2000-12-27 00:00:00', 51, 'BONAP'),
(24, 888, '2000-12-27 00:00:00', 54, 'BONAP'),
(12, 468, '2000-12-27 00:00:00', 75, 'DRACD'),
(12, 1080, '2000-12-27 00:00:00', 76, 'DRACD'),
(21, 6573, '2000-12-28 00:00:00', 18, 'SPLIR'),
(20, 1900, '2000-12-28 00:00:00', 36, 'SPLIR'),
(30, 1440, '2000-12-28 00:00:00', 47, 'BONAP'),
(30, 5700, '2000-12-28 00:00:00', 56, 'BONAP'),
(14, 1372, '2000-12-28 00:00:00', 57, 'BONAP'),
(6, 378, '2000-12-28 00:00:00', 68, 'SPLIR'),
(25, 4500, '2000-12-28 00:00:00', 69, 'BONAP'),
(30, 5400, '2000-12-28 00:00:00', 69, 'EASTC'),
(20, 3600, '2000-12-28 00:00:00', 69, 'SPLIR'),
(5, 540, '2000-12-28 00:00:00', 71, 'EASTC'),
(24, 2520, '2000-12-29 00:00:00', 11, 'ANTON'),
(30, 2100, '2000-12-29 00:00:00', 34, 'SAVEA'),
(60, 2100, '2000-12-29 00:00:00', 52, 'RICSU'),
(7, 1925, '2000-12-29 00:00:00', 59, 'SAVEA'),
(30, 7410, '2000-12-29 00:00:00', 62, 'SAVEA'),
(24, 3984, '2000-12-29 00:00:00', 64, 'SAVEA'),
(5, 525, '2000-12-29 00:00:00', 65, 'GALED'),
(40, 3000, '2000-12-29 00:00:00', 70, 'RICSU'),
(5, 325, '2000-12-29 00:00:00', 77, 'GALED'),
(36, 2520, '2000-12-30 00:00:00', 34, 'VAFFE'),
(18, 666, '2000-12-30 00:00:00', 54, 'VAFFE'),
(15, 1575, '2000-12-30 00:00:00', 65, 'VAFFE'),
(7, 455, '2000-12-30 00:00:00', 77, 'VAFFE');

--
-- Contraintes pour les tables déchargées
--

--
-- Contraintes pour la table `ventes`
--
ALTER TABLE `ventes`
  ADD CONSTRAINT `fk_Ventes_Clients1` FOREIGN KEY (`Clients_idClients`) REFERENCES `clients` (`idClients`),
  ADD CONSTRAINT `fk_Ventes_Produits1` FOREIGN KEY (`Produits_idProduits`) REFERENCES `produits` (`idProduits`),
  ADD CONSTRAINT `fk_Ventes_Temps` FOREIGN KEY (`Temps_jours`) REFERENCES `temps` (`jours`);
COMMIT;

/*!40101 SET CHARACTER_SET_CLIENT=@OLD_CHARACTER_SET_CLIENT */;
/*!40101 SET CHARACTER_SET_RESULTS=@OLD_CHARACTER_SET_RESULTS */;
/*!40101 SET COLLATION_CONNECTION=@OLD_COLLATION_CONNECTION */;
